"transactionDate","month","status","payee","amount","category","account","includeInObservedExpenses","source"
"2026-07-06","2026-07","Processed","ORIG CO NAME:CHASE CREDIT CRD CO ENTRY DESCR:AUTOPAY    SEC:PPD                        ORIG ID:4760039224","298.25","bank-expense-other","chase-checking-7442","true","bank-transaction-csv"
"2026-07-02","2026-07","Processed","Online Payment 29679921905 To COX COMMUNICATIONS 07/02","80","internet","chase-checking-7442","true","bank-transaction-csv"
"2026-07-01","2026-07","Processed","Online Payment 29725806560 To GAINESVILLE REGIONAL UTILITIES 07/01","41.21","utilities","chase-checking-7442","true","bank-transaction-csv"
"2026-07-01","2026-07","Processed","CLIMATE FIRST BA TRANSFER                   PPD ID: 1863026358","113.75","bank-expense-other","chase-checking-7442","true","bank-transaction-csv"
"2026-07-01","2026-07","Processed","JPMORGAN CHASE   CHASE ACH                  PPD ID: 1000008113","2169.11","bank-expense-other","chase-checking-7442","true","bank-transaction-csv"
"2026-06-18","2026-06","Processed","Online Payment 29299274557 To FLORIDA CREDIT UNION LOAN 06/18","640.15","bank-expense-other","chase-checking-7442","true","bank-transaction-csv"
"2026-06-15","2026-06","Processed","PAYPAL           PURCHASE   TOTALWINE       WEB ID: PAYPALSI77","277.18","bank-expense-other","chase-checking-7442","true","bank-transaction-csv"
"2026-06-12","2026-06","Processed","PAYPAL           PURCHASE   ACTBLUE         WEB ID: PAYPALSI77","30","bank-expense-other","chase-checking-7442","true","bank-transaction-csv"
"2026-06-11","2026-06","Processed","PAYPAL           PURCHASE   EBAY 800-456-32 WEB ID: PAYPALSI77","51.01","bank-expense-other","chase-checking-7442","true","bank-transaction-csv"
"2026-06-11","2026-06","Processed","SIKKING'S GLASS, SALE                       WEB ID: 9215986202","257","bank-expense-other","chase-checking-7442","true","bank-transaction-csv"
"2026-06-11","2026-06","Processed","Payment to Chase card ending in 2674 06/11","1343.87","bank-expense-other","chase-checking-7442","true","bank-transaction-csv"
"2026-06-05","2026-06","Processed","PAYPAL           PURCHASE   EBAY 800-456-32 WEB ID: PAYPALSI77","22.56","bank-expense-other","chase-checking-7442","true","bank-transaction-csv"
"2026-06-05","2026-06","Processed","CHASE CREDIT CRD AUTOPAY                    PPD ID: 4760039224","490.26","bank-expense-other","chase-checking-7442","true","bank-transaction-csv"
"2026-06-03","2026-06","Processed","Online Payment 29352573090 To GAINESVILLE REGIONAL UTILITIES 06/03","53.53","utilities","chase-checking-7442","true","bank-transaction-csv"
"2026-06-02","2026-06","Processed","Online Payment 29287087974 To COX COMMUNICATIONS 06/02","80","internet","chase-checking-7442","true","bank-transaction-csv"
"2026-06-01","2026-06","Processed","JPMORGAN CHASE   CHASE ACH                  PPD ID: 1000008113","2169.11","bank-expense-other","chase-checking-7442","true","bank-transaction-csv"
"2026-06-01","2026-06","Processed","CLIMATE FIRST BA TRANSFER                   PPD ID: 1863026358","113.75","bank-expense-other","chase-checking-7442","true","bank-transaction-csv"
"2026-05-21","2026-05","Processed","Online Payment 28908860736 To FLORIDA CREDIT UNION LOAN 05/21","640.15","bank-expense-other","chase-checking-7442","true","bank-transaction-csv"
"2026-05-19","2026-05","Processed","VENMO            PAYMENT    1050400323533   WEB ID: 3264681992","200","bank-expense-other","chase-checking-7442","true","bank-transaction-csv"
"2026-05-14","2026-05","Processed","CHECK 5355","170","bank-expense-other","chase-checking-7442","true","bank-transaction-csv"
"2026-05-12","2026-05","Processed","Payment to Chase card ending in 2674 05/12","1211.73","bank-expense-other","chase-checking-7442","true","bank-transaction-csv"
"2026-05-05","2026-05","Processed","PAYPAL           INST XFER  BLUEJEANSCB     WEB ID: PAYPALSI77","42.41","bank-expense-other","chase-checking-7442","true","bank-transaction-csv"
"2026-05-05","2026-05","Processed","CHASE CREDIT CRD AUTOPAY                    PPD ID: 4760039224","72.06","bank-expense-other","chase-checking-7442","true","bank-transaction-csv"
"2026-05-01","2026-05","Processed","Online Payment 28897262519 To COX COMMUNICATIONS 05/01","80","internet","chase-checking-7442","true","bank-transaction-csv"
"2026-05-01","2026-05","Processed","CLIMATE FIRST BA LOAN PMT                   PPD ID: 1863026358","113.75","bank-expense-other","chase-checking-7442","true","bank-transaction-csv"
"2026-05-01","2026-05","Processed","JPMORGAN CHASE   CHASE ACH                  PPD ID: 1000008113","2169.11","bank-expense-other","chase-checking-7442","true","bank-transaction-csv"
"2026-04-28","2026-04","Processed","Online Payment 29000617124 To GAINESVILLE REGIONAL UTILITIES 04/28","41.21","utilities","chase-checking-7442","true","bank-transaction-csv"
"2026-04-21","2026-04","Processed","Online Payment 28911758318 To Swim State Pool Service 04/21","49.78","pool-service","chase-checking-7442","true","bank-transaction-csv"
"2026-04-21","2026-04","Processed","Online Payment 28487135377 To FLORIDA CREDIT UNION LOAN 04/21","640.15","bank-expense-other","chase-checking-7442","true","bank-transaction-csv"
"2026-04-20","2026-04","Processed","Online Payment 28880533423 To ARROW EXTERMINATORS 04/20","107","pest-control","chase-checking-7442","true","bank-transaction-csv"
"2026-04-15","2026-04","Processed","IRS              USATAXPYMT                 PPD ID: 3387702000","2195","bank-expense-other","chase-checking-7442","true","bank-transaction-csv"
"2026-04-13","2026-04","Processed","Payment to Chase card ending in 2674 04/13","341.37","bank-expense-other","chase-checking-7442","true","bank-transaction-csv"
"2026-04-06","2026-04","Processed","CHASE CREDIT CRD AUTOPAY                    PPD ID: 4760039224","118.21","bank-expense-other","chase-checking-7442","true","bank-transaction-csv"
"2026-04-01","2026-04","Processed","Online Payment 28487688186 To COX COMMUNICATIONS 04/01","80","internet","chase-checking-7442","true","bank-transaction-csv"
"2026-04-01","2026-04","Processed","CLIMATE FIRST BA LOAN PMT                   PPD ID: 1863026358","113.75","bank-expense-other","chase-checking-7442","true","bank-transaction-csv"
"2026-04-01","2026-04","Processed","JPMORGAN CHASE   CHASE ACH                  PPD ID: 1000008113","2169.11","bank-expense-other","chase-checking-7442","true","bank-transaction-csv"
"2026-03-31","2026-03","Processed","CHECK 5354","3934","bank-expense-other","chase-checking-7442","true","bank-transaction-csv"
"2026-03-30","2026-03","Processed","Online Payment 28617202284 To GAINESVILLE REGIONAL UTILITIES 03/30","2.15","utilities","chase-checking-7442","true","bank-transaction-csv"
"2026-03-30","2026-03","Processed","Online Payment 28617182262 To GAINESVILLE REGIONAL UTILITIES 03/30","74.84","utilities","chase-checking-7442","true","bank-transaction-csv"
"2026-03-25","2026-03","Processed","PAYPAL           INST XFER  TRACTIVE 69C239 WEB ID: PAYPALSI77","106.6","bank-expense-other","chase-checking-7442","true","bank-transaction-csv"
"2026-03-19","2026-03","Processed","Online Payment 28124515640 To FLORIDA CREDIT UNION LOAN 03/19","640.15","bank-expense-other","chase-checking-7442","true","bank-transaction-csv"
"2026-03-12","2026-03","Processed","Payment to Chase card ending in 2674 03/12","1223.62","bank-expense-other","chase-checking-7442","true","bank-transaction-csv"
"2026-03-10","2026-03","Processed","Online Payment 28380210873 To Swim State Pool Service 03/10","213.02","pool-service","chase-checking-7442","true","bank-transaction-csv"
"2026-03-09","2026-03","Processed","Online Payment 28358256942 To GAINESVILLE REGIONAL UTILITIES 03/09","143.16","utilities","chase-checking-7442","true","bank-transaction-csv"
"2026-03-04","2026-03","Processed","Online Payment 28125174855 To COX COMMUNICATIONS 03/04","80","internet","chase-checking-7442","true","bank-transaction-csv"
"2026-03-02","2026-03","Processed","CLIMATE FIRST BA LOAN PMT                   PPD ID: 1863026358","113.75","bank-expense-other","chase-checking-7442","true","bank-transaction-csv"
"2026-03-02","2026-03","Processed","JPMORGAN CHASE   CHASE ACH                  PPD ID: 1000008113","2169.11","bank-expense-other","chase-checking-7442","true","bank-transaction-csv"
"2026-03-02","2026-03","Processed","PUBLIX #1376 GAINESVILLE FL                  02/27","31.72","bank-expense-other","chase-checking-7442","true","bank-transaction-csv"
"2026-03-02","2026-03","Processed","MILLHOPPER LIQUORS GAINESVILLE FL            02/27","32.24","bank-expense-other","chase-checking-7442","true","bank-transaction-csv"
"2026-02-23","2026-02","Processed","Online Payment 28180755982 To ARROW EXTERMINATORS 02/23","104","pest-control","chase-checking-7442","true","bank-transaction-csv"
"2026-02-23","2026-02","Processed","Online Payment 28168592716 To Davis Gas 02/23","275.99","fuel-or-propane","chase-checking-7442","true","bank-transaction-csv"
"2026-02-23","2026-02","Processed","US TREAS TAX PYMT 888-658-5465 TN            02/22","8596","bank-expense-other","chase-checking-7442","true","bank-transaction-csv"
"2026-02-23","2026-02","Processed","SERVICE FEE 888-658-5465 TN                  02/22","2.15","bank-expense-other","chase-checking-7442","true","bank-transaction-csv"
"2026-02-19","2026-02","Processed","Wise Inc         WISE       Elias expenses  WEB ID: 9453233521","565.78","bank-expense-other","chase-checking-7442","true","bank-transaction-csv"
"2026-02-19","2026-02","Processed","Online Payment 27772041465 To FLORIDA CREDIT UNION LOAN 02/19","640.15","bank-expense-other","chase-checking-7442","true","bank-transaction-csv"
"2026-02-11","2026-02","Processed","Payment to Chase card ending in 2674 02/11","842.62","bank-expense-other","chase-checking-7442","true","bank-transaction-csv"
"2026-02-09","2026-02","Processed","Wise Inc         WISE       happy birthday  WEB ID: 9453233521","250","bank-expense-other","chase-checking-7442","true","bank-transaction-csv"
"2026-02-09","2026-02","Processed","PUBLIX SUPER MAR 4115 GAINESVILLE FL         02/07 Purchase $55.76 Cash Back $50.00","105.76","bank-expense-other","chase-checking-7442","true","bank-transaction-csv"
"2026-02-05","2026-02","Processed","CHASE CREDIT CRD AUTOPAY                    PPD ID: 4760039224","445.07","bank-expense-other","chase-checking-7442","true","bank-transaction-csv"
"2026-02-02","2026-02","Processed","Online Payment 27761918790 To COX COMMUNICATIONS 02/02","80","internet","chase-checking-7442","true","bank-transaction-csv"
"2026-02-02","2026-02","Processed","CLIMATE FIRST BA LOAN PMT                   PPD ID: 1863026358","113.75","bank-expense-other","chase-checking-7442","true","bank-transaction-csv"
"2026-02-02","2026-02","Processed","JPMORGAN CHASE   CHASE ACH                  PPD ID: 1000008113","2101.26","bank-expense-other","chase-checking-7442","true","bank-transaction-csv"
"2026-01-29","2026-01","Processed","Online Payment 27799729804 To GAINESVILLE REGIONAL UTILITIES 01/29","124.14","utilities","chase-checking-7442","true","bank-transaction-csv"
"2026-01-21","2026-01","Processed","Online Payment 27383820636 To FLORIDA CREDIT UNION LOAN 01/21","640.15","bank-expense-other","chase-checking-7442","true","bank-transaction-csv"
"2026-01-12","2026-01","Processed","Payment to Chase card ending in 2674 01/12","918.64","bank-expense-other","chase-checking-7442","true","bank-transaction-csv"
"2026-01-06","2026-01","Processed","Online Payment 27603237131 To Swim State Pool Service 01/06","1925","pool-service","chase-checking-7442","true","bank-transaction-csv"
"2026-01-05","2026-01","Processed","CHASE CREDIT CRD AUTOPAY                    PPD ID: 4760039224","54.29","bank-expense-other","chase-checking-7442","true","bank-transaction-csv"
"2026-01-02","2026-01","Processed","JPMORGAN CHASE   CHASE ACH                  PPD ID: 1000008113","2101.26","bank-expense-other","chase-checking-7442","true","bank-transaction-csv"
"2026-01-02","2026-01","Processed","CLIMATE FIRST BA LOAN PMT                   PPD ID: 1863026358","113.75","bank-expense-other","chase-checking-7442","true","bank-transaction-csv"
"2026-01-02","2026-01","Processed","Online Payment 27546629105 To Swim State Pool Service 01/02","175","pool-service","chase-checking-7442","true","bank-transaction-csv"
"2025-12-31","2025-12","Processed","Online Payment 27384572554 To COX COMMUNICATIONS 12/31","80","internet","chase-checking-7442","true","bank-transaction-csv"
"2025-12-29","2025-12","Processed","Wise Inc         WISE       jan rent        WEB ID: 9453233521","354.84","bank-expense-other","chase-checking-7442","true","bank-transaction-csv"
"2025-12-26","2025-12","Processed","PUBLIX #1376 GAINESVILLE FL                  12/24","70.03","bank-expense-other","chase-checking-7442","true","bank-transaction-csv"
"2025-12-23","2025-12","Processed","Online Payment 27436304784 To GAINESVILLE REGIONAL UTILITIES 12/23","37.63","utilities","chase-checking-7442","true","bank-transaction-csv"
"2025-12-19","2025-12","Processed","Online Payment 27024439349 To FLORIDA CREDIT UNION LOAN 12/19","640.15","bank-expense-other","chase-checking-7442","true","bank-transaction-csv"
"2025-12-15","2025-12","Processed","PAYPAL           INST XFER  JOBYN1          WEB ID: PAYPALSI77","200","bank-expense-other","chase-checking-7442","true","bank-transaction-csv"
"2025-12-11","2025-12","Processed","Payment to Chase card ending in 2674 12/11","1574.46","bank-expense-other","chase-checking-7442","true","bank-transaction-csv"
"2025-12-05","2025-12","Processed","CHASE CREDIT CRD AUTOPAY                    PPD ID: 4760039224","301.36","bank-expense-other","chase-checking-7442","true","bank-transaction-csv"
"2025-12-02","2025-12","Processed","Online Payment 27013753951 To COX COMMUNICATIONS 12/02","80","internet","chase-checking-7442","true","bank-transaction-csv"
"2025-12-01","2025-12","Processed","CLIMATE FIRST BA LOAN PMT                   PPD ID: 1863026358","113.75","bank-expense-other","chase-checking-7442","true","bank-transaction-csv"
"2025-12-01","2025-12","Processed","JPMORGAN CHASE   CHASE ACH                  PPD ID: 1000008113","2101.26","bank-expense-other","chase-checking-7442","true","bank-transaction-csv"
"2025-12-01","2025-12","Processed","Online Payment 27144478368 To Swim State Pool Service 12/01","175","pool-service","chase-checking-7442","true","bank-transaction-csv"
"2025-11-25","2025-11","Processed","VENMO            PAYMENT    1046442567067   WEB ID: 3264681992","250","bank-expense-other","chase-checking-7442","true","bank-transaction-csv"
"2025-11-25","2025-11","Processed","Wise Inc         WISE       dec rent        WEB ID: 9453233521","348.55","bank-expense-other","chase-checking-7442","true","bank-transaction-csv"
"2025-11-24","2025-11","Processed","Online Payment 26998460957 To GAINESVILLE REGIONAL UTILITIES 11/24","37.75","utilities","chase-checking-7442","true","bank-transaction-csv"
"2025-11-20","2025-11","Processed","Online Payment 26663399516 To FLORIDA CREDIT UNION LOAN 11/20","640.15","bank-expense-other","chase-checking-7442","true","bank-transaction-csv"
"2025-11-12","2025-11","Processed","Payment to Chase card ending in 2674 11/12","533.8","bank-expense-other","chase-checking-7442","true","bank-transaction-csv"
"2025-11-05","2025-11","Processed","CHASE CREDIT CRD AUTOPAY                    PPD ID: 4760039224","119.45","bank-expense-other","chase-checking-7442","true","bank-transaction-csv"
"2025-11-03","2025-11","Processed","CLIMATE FIRST BA LOAN PMT                   PPD ID: 1863026358","113.75","bank-expense-other","chase-checking-7442","true","bank-transaction-csv"
"2025-11-03","2025-11","Processed","Online Payment 26799751329 To Swim State Pool Service 11/03","175","pool-service","chase-checking-7442","true","bank-transaction-csv"
"2025-11-03","2025-11","Processed","JPMORGAN CHASE   CHASE ACH                  PPD ID: 1000008113","2101.26","bank-expense-other","chase-checking-7442","true","bank-transaction-csv"
"2025-10-31","2025-10","Processed","Online Payment 26663904069 To COX COMMUNICATIONS 10/31","80","internet","chase-checking-7442","true","bank-transaction-csv"
"2025-10-27","2025-10","Processed","Online Payment 26738314043 To ARROW EXTERMINATORS 10/27","104","pest-control","chase-checking-7442","true","bank-transaction-csv"
"2025-10-27","2025-10","Processed","Wise Inc         WISE       TrnWise         WEB ID: 9453233521","350.87","bank-expense-other","chase-checking-7442","true","bank-transaction-csv"
"2025-10-27","2025-10","Processed","Online Payment 26658526602 To GAINESVILLE REGIONAL UTILITIES 10/27","58.94","utilities","chase-checking-7442","true","bank-transaction-csv"
"2025-10-21","2025-10","Processed","FID BKG SVC LLC  MONEYLINE  Y80886866 G001Z WEB ID: 1035141383","50000","bank-expense-other","chase-checking-7442","true","bank-transaction-csv"
"2025-10-21","2025-10","Processed","Online Payment 26275636665 To FLORIDA CREDIT UNION LOAN 10/21","640.15","bank-expense-other","chase-checking-7442","true","bank-transaction-csv"
"2025-10-20","2025-10","Processed","Online Payment 26653759531 To Davis Gas 10/20","51.6","fuel-or-propane","chase-checking-7442","true","bank-transaction-csv"
"2025-10-20","2025-10","Processed","Online Payment 26644429515 To Swim State Pool Service 10/20","175","pool-service","chase-checking-7442","true","bank-transaction-csv"
"2025-10-14","2025-10","Processed","RED MILL QUICK DURHAM NC                     10/11","20","bank-expense-other","chase-checking-7442","true","bank-transaction-csv"
"2025-10-10","2025-10","Processed","Payment to Chase card ending in 2674 10/10","1215.71","bank-expense-other","chase-checking-7442","true","bank-transaction-csv"
"2025-10-06","2025-10","Processed","CHASE CREDIT CRD AUTOPAY                    PPD ID: 4760039224","104.63","bank-expense-other","chase-checking-7442","true","bank-transaction-csv"
"2025-10-02","2025-10","Processed","Wise Inc         WISE       rent            WEB ID: 9453233521","353.8","bank-expense-other","chase-checking-7442","true","bank-transaction-csv"
"2025-10-02","2025-10","Processed","Online Payment 26276536783 To COX COMMUNICATIONS 10/02","80","internet","chase-checking-7442","true","bank-transaction-csv"
"2025-10-01","2025-10","Processed","CLIMATE FIRST BA LOAN PMT                   PPD ID: 1863026358","113.75","bank-expense-other","chase-checking-7442","true","bank-transaction-csv"
"2025-10-01","2025-10","Processed","JPMORGAN CHASE   CHASE ACH                  PPD ID: 1000008113","2101.26","bank-expense-other","chase-checking-7442","true","bank-transaction-csv"
"2025-09-26","2025-09","Processed","Online Payment 26328654763 To GAINESVILLE REGIONAL UTILITIES 09/26","37.49","utilities","chase-checking-7442","true","bank-transaction-csv"
"2025-09-19","2025-09","Processed","Online Payment 25925571005 To FLORIDA CREDIT UNION LOAN 09/19","640.15","bank-expense-other","chase-checking-7442","true","bank-transaction-csv"
"2025-09-12","2025-09","Processed","Payment to Chase card ending in 2674 09/12","1234.08","bank-expense-other","chase-checking-7442","true","bank-transaction-csv"
"2025-09-05","2025-09","Processed","CHASE CREDIT CRD AUTOPAY                    PPD ID: 4760039224","183.52","bank-expense-other","chase-checking-7442","true","bank-transaction-csv"
"2025-09-02","2025-09","Processed","Online Payment 26073137732 To Swim State Pool Service 09/02","175","pool-service","chase-checking-7442","true","bank-transaction-csv"
"2025-09-02","2025-09","Processed","Online Payment 25914688789 To COX COMMUNICATIONS 09/02","80","internet","chase-checking-7442","true","bank-transaction-csv"
"2025-09-02","2025-09","Processed","CLIMATE FIRST BA LOAN PMT                   PPD ID: 1863026358","113.75","bank-expense-other","chase-checking-7442","true","bank-transaction-csv"
"2025-09-02","2025-09","Processed","JPMORGAN CHASE   CHASE ACH                  PPD ID: 1000008113","2101.26","bank-expense-other","chase-checking-7442","true","bank-transaction-csv"
"2025-08-27","2025-08","Processed","Wise Inc         WISE       canne appt. dep WEB ID: 9453233521","1274.45","bank-expense-other","chase-checking-7442","true","bank-transaction-csv"
"2025-08-27","2025-08","Processed","Online Payment 25916060057 To GAINESVILLE REGIONAL UTILITIES 08/27","44.29","utilities","chase-checking-7442","true","bank-transaction-csv"
"2025-08-26","2025-08","Processed","ALACHUA COUNTY   TAX COLL.  4762993         WEB ID: 923290053M","48.1","bank-expense-other","chase-checking-7442","true","bank-transaction-csv"
"2025-08-21","2025-08","Processed","Online Payment 25558226392 To FLORIDA CREDIT UNION LOAN 08/21","640.15","bank-expense-other","chase-checking-7442","true","bank-transaction-csv"
"2025-08-12","2025-08","Processed","Payment to Chase card ending in 2674 08/12","2756.39","bank-expense-other","chase-checking-7442","true","bank-transaction-csv"
"2025-08-05","2025-08","Processed","CHASE CREDIT CRD AUTOPAY                    PPD ID: 4760039224","153.25","bank-expense-other","chase-checking-7442","true","bank-transaction-csv"
"2025-08-04","2025-08","Processed","IRS              USATAXPYMT 240561601018683 WEB ID: 3387702000","2351","bank-expense-other","chase-checking-7442","true","bank-transaction-csv"
"2025-08-01","2025-08","Processed","Online Payment 25694441754 To Swim State Pool Service 08/01","175","pool-service","chase-checking-7442","true","bank-transaction-csv"
"2025-08-01","2025-08","Processed","CLIMATE FIRST BA LOAN PMT                   PPD ID: 1863026358","113.75","bank-expense-other","chase-checking-7442","true","bank-transaction-csv"
"2025-08-01","2025-08","Processed","JPMORGAN CHASE   CHASE ACH                  PPD ID: 1000008113","2101.26","bank-expense-other","chase-checking-7442","true","bank-transaction-csv"
"2025-07-31","2025-07","Processed","Online Payment 25539872925 To COX COMMUNICATIONS 07/31","80","internet","chase-checking-7442","true","bank-transaction-csv"
"2025-07-28","2025-07","Processed","Online Payment 25571247142 To GAINESVILLE REGIONAL UTILITIES 07/28","44.29","utilities","chase-checking-7442","true","bank-transaction-csv"
"2025-07-25","2025-07","Processed","Online Payment 25607339674 To ARROW EXTERMINATORS 07/25","104","pest-control","chase-checking-7442","true","bank-transaction-csv"
"2025-07-21","2025-07","Processed","Online Payment 25169582793 To FLORIDA CREDIT UNION LOAN 07/21","640.15","bank-expense-other","chase-checking-7442","true","bank-transaction-csv"
"2025-07-14","2025-07","Processed","Wise Inc         WISE       Elias budget ja WEB ID: 9453233521","1809.17","bank-expense-other","chase-checking-7442","true","bank-transaction-csv"
"2025-07-14","2025-07","Processed","Payment to Chase card ending in 2674 07/14","941.12","bank-expense-other","chase-checking-7442","true","bank-transaction-csv"
"2025-07-07","2025-07","Processed","CHASE CREDIT CRD AUTOPAY                    PPD ID: 4760039224","62.79","bank-expense-other","chase-checking-7442","true","bank-transaction-csv"
"2025-07-02","2025-07","Processed","Online Payment 25181824056 To COX COMMUNICATIONS 07/02","80","internet","chase-checking-7442","true","bank-transaction-csv"
"2025-07-01","2025-07","Processed","Online Payment 25329924387 To Swim State Pool Service 07/01","175","pool-service","chase-checking-7442","true","bank-transaction-csv"
"2025-07-01","2025-07","Processed","CLIMATE FIRST BA LOAN PMT                   PPD ID: 1863026358","113.75","bank-expense-other","chase-checking-7442","true","bank-transaction-csv"
"2025-07-01","2025-07","Processed","JPMORGAN CHASE   CHASE ACH                  PPD ID: 1000008113","2101.26","bank-expense-other","chase-checking-7442","true","bank-transaction-csv"
"2025-06-27","2025-06","Processed","Online Payment 25163119670 To GAINESVILLE REGIONAL UTILITIES 06/27","40.89","utilities","chase-checking-7442","true","bank-transaction-csv"
"2025-06-27","2025-06","Processed","CHECK 5353","1600","bank-expense-other","chase-checking-7442","true","bank-transaction-csv"
"2025-06-18","2025-06","Processed","VENMO            PAYMENT    1042949593649   WEB ID: 3264681992","1540","bank-expense-other","chase-checking-7442","true","bank-transaction-csv"
"2025-06-18","2025-06","Processed","Online Payment 24839431845 To FLORIDA CREDIT UNION LOAN 06/18","640.15","bank-expense-other","chase-checking-7442","true","bank-transaction-csv"
"2025-06-12","2025-06","Processed","COUNTER CHECK","3","bank-expense-other","chase-checking-7442","true","bank-transaction-csv"
"2025-06-12","2025-06","Processed","CHECK 4813","300","bank-expense-other","chase-checking-7442","true","bank-transaction-csv"
"2025-06-12","2025-06","Processed","Payment to Chase card ending in 2674 06/12","935.08","bank-expense-other","chase-checking-7442","true","bank-transaction-csv"
"2025-06-11","2025-06","Processed","SHORT STOP GAINESVILLE FL            818357  06/11","50","bank-expense-other","chase-checking-7442","true","bank-transaction-csv"
"2025-06-10","2025-06","Processed","Online Payment 25080287447 To Helme Electric Inc. 06/10","685.11","bank-expense-other","chase-checking-7442","true","bank-transaction-csv"
"2025-06-05","2025-06","Processed","CHASE CREDIT CRD AUTOPAY                    PPD ID: 4760039224","177.88","bank-expense-other","chase-checking-7442","true","bank-transaction-csv"
"2025-06-05","2025-06","Processed","PARK PLACE SELF SERVE GAINESVILLE FL         06/05","8.68","bank-expense-other","chase-checking-7442","true","bank-transaction-csv"
"2025-06-02","2025-06","Processed","Online Payment 24986545731 To Swim State Pool Service 06/02","175","pool-service","chase-checking-7442","true","bank-transaction-csv"
"2025-06-02","2025-06","Processed","Online Payment 24829037669 To COX COMMUNICATIONS 06/02","80","internet","chase-checking-7442","true","bank-transaction-csv"
"2025-06-02","2025-06","Processed","CLIMATE FIRST BA LOAN PMT                   PPD ID: 1863026358","113.75","bank-expense-other","chase-checking-7442","true","bank-transaction-csv"
"2025-06-02","2025-06","Processed","JPMORGAN CHASE   CHASE ACH                  PPD ID: 1000008113","2101.26","bank-expense-other","chase-checking-7442","true","bank-transaction-csv"
"2025-05-30","2025-05","Processed","SPEEDWAY 47041 OXFORD NC                     05/29","30.5","bank-expense-other","chase-checking-7442","true","bank-transaction-csv"
"2025-05-27","2025-05","Processed","Online Payment 24830188049 To GAINESVILLE REGIONAL UTILITIES 05/27","44.29","utilities","chase-checking-7442","true","bank-transaction-csv"
"2025-05-21","2025-05","Processed","Online Payment 24486678231 To FLORIDA CREDIT UNION LOAN 05/21","640.15","bank-expense-other","chase-checking-7442","true","bank-transaction-csv"
"2025-05-19","2025-05","Processed","CHECK 4814","170","bank-expense-other","chase-checking-7442","true","bank-transaction-csv"
"2025-05-12","2025-05","Processed","Payment to Chase card ending in 2674 05/12","1303.45","bank-expense-other","chase-checking-7442","true","bank-transaction-csv"
"2025-05-05","2025-05","Processed","Online Payment 24661491656 To Swim State Pool Service 05/05","175","pool-service","chase-checking-7442","true","bank-transaction-csv"
"2025-05-05","2025-05","Processed","CHASE CREDIT CRD AUTOPAY                    PPD ID: 4760039224","116.13","bank-expense-other","chase-checking-7442","true","bank-transaction-csv"
"2025-05-01","2025-05","Processed","Online Payment 24469809729 To COX COMMUNICATIONS 05/01","80","internet","chase-checking-7442","true","bank-transaction-csv"
"2025-05-01","2025-05","Processed","CLIMATE FIRST BA LOAN PMT                   PPD ID: 1863026358","113.75","bank-expense-other","chase-checking-7442","true","bank-transaction-csv"
"2025-05-01","2025-05","Processed","JPMORGAN CHASE   CHASE ACH                  PPD ID: 1000008113","2101.26","bank-expense-other","chase-checking-7442","true","bank-transaction-csv"
"2025-04-23","2025-04","Processed","Online Payment 24510834761 To GAINESVILLE REGIONAL UTILITIES 04/23","49.21","utilities","chase-checking-7442","true","bank-transaction-csv"
"2025-04-21","2025-04","Processed","Online Payment 24114926333 To FLORIDA CREDIT UNION LOAN 04/21","640.15","bank-expense-other","chase-checking-7442","true","bank-transaction-csv"
"2025-04-21","2025-04","Processed","Online Payment 24480135487 To ARROW EXTERMINATORS 04/21","104","pest-control","chase-checking-7442","true","bank-transaction-csv"
"2025-04-16","2025-04","Processed","IRS              USATAXPYMT 222550651684935 WEB ID: 3387702000","2351","bank-expense-other","chase-checking-7442","true","bank-transaction-csv"
"2025-04-15","2025-04","Processed","IRS              USATAXPYMT                 PPD ID: 3387702000","5835","bank-expense-other","chase-checking-7442","true","bank-transaction-csv"
"2025-04-11","2025-04","Processed","Payment to Chase card ending in 2674 04/11","4757.1","bank-expense-other","chase-checking-7442","true","bank-transaction-csv"
"2025-04-07","2025-04","Processed","CHECK 4815","400","bank-expense-other","chase-checking-7442","true","bank-transaction-csv"
"2025-04-07","2025-04","Processed","CHASE CREDIT CRD AUTOPAY                    PPD ID: 4760039224","76.17","bank-expense-other","chase-checking-7442","true","bank-transaction-csv"
"2025-04-01","2025-04","Processed","Online Payment 24262943901 To Swim State Pool Service 04/01","175","pool-service","chase-checking-7442","true","bank-transaction-csv"
"2025-04-01","2025-04","Processed","Online Payment 24104627409 To COX COMMUNICATIONS 04/01","80","internet","chase-checking-7442","true","bank-transaction-csv"
"2025-04-01","2025-04","Processed","CLIMATE FIRST BA LOAN PMT                   PPD ID: 1863026358","113.75","bank-expense-other","chase-checking-7442","true","bank-transaction-csv"
"2025-04-01","2025-04","Processed","JPMORGAN CHASE   CHASE ACH                  PPD ID: 1000008113","2101.26","bank-expense-other","chase-checking-7442","true","bank-transaction-csv"
"2025-03-31","2025-03","Processed","CHECK 6599","185","bank-expense-other","chase-checking-7442","true","bank-transaction-csv"
"2025-03-26","2025-03","Processed","Online Payment 24161598851 To GAINESVILLE REGIONAL UTILITIES 03/26","68.12","utilities","chase-checking-7442","true","bank-transaction-csv"
"2025-03-24","2025-03","Processed","CHECK 6594","945","bank-expense-other","chase-checking-7442","true","bank-transaction-csv"
"2025-03-21","2025-03","Processed","COUNTER CHECK","3","bank-expense-other","chase-checking-7442","true","bank-transaction-csv"
"2025-03-20","2025-03","Processed","Online Payment 23785361791 To FLORIDA CREDIT UNION LOAN 03/20","640.15","bank-expense-other","chase-checking-7442","true","bank-transaction-csv"
"2025-03-11","2025-03","Processed","Payment to Chase card ending in 2674 03/11","1648.58","bank-expense-other","chase-checking-7442","true","bank-transaction-csv"
"2025-03-05","2025-03","Processed","CHASE CREDIT CRD AUTOPAY                    PPD ID: 4760039224","175.3","bank-expense-other","chase-checking-7442","true","bank-transaction-csv"
"2025-03-04","2025-03","Processed","Online Payment 23775111753 To COX COMMUNICATIONS 03/04","80","internet","chase-checking-7442","true","bank-transaction-csv"
"2025-03-03","2025-03","Processed","CLIMATE FIRST BA LOAN PMT                   PPD ID: 1863026358","113.75","bank-expense-other","chase-checking-7442","true","bank-transaction-csv"
"2025-03-03","2025-03","Processed","Online Payment 23898278224 To Swim State Pool Service 03/03","165","pool-service","chase-checking-7442","true","bank-transaction-csv"
"2025-03-03","2025-03","Processed","JPMORGAN CHASE   CHASE ACH                  PPD ID: 1000008113","2101.26","bank-expense-other","chase-checking-7442","true","bank-transaction-csv"
"2025-02-26","2025-02","Processed","Online Payment 23770420265 To GAINESVILLE REGIONAL UTILITIES 02/26","193.58","utilities","chase-checking-7442","true","bank-transaction-csv"
"2025-02-20","2025-02","Processed","Online Payment 23614026471 To FLORIDA CREDIT UNION LOAN 02/20","640.15","bank-expense-other","chase-checking-7442","true","bank-transaction-csv"
"2025-02-14","2025-02","Processed","CHECK 6598","821","bank-expense-other","chase-checking-7442","true","bank-transaction-csv"
"2025-02-11","2025-02","Processed","Payment to Chase card ending in 2674 02/11","975.11","bank-expense-other","chase-checking-7442","true","bank-transaction-csv"
"2025-02-05","2025-02","Processed","CHASE CREDIT CRD AUTOPAY                    PPD ID: 4760039224","171.68","bank-expense-other","chase-checking-7442","true","bank-transaction-csv"
"2025-02-03","2025-02","Processed","CLIMATE FIRST BA LOAN PMT                   PPD ID: 1863026358","113.75","bank-expense-other","chase-checking-7442","true","bank-transaction-csv"
"2025-02-03","2025-02","Processed","Online Payment 23579313020 To Swim State Pool Service 02/03","165","pool-service","chase-checking-7442","true","bank-transaction-csv"
"2025-02-03","2025-02","Processed","JPMORGAN CHASE   CHASE ACH                  PPD ID: 1000008113","2122.65","bank-expense-other","chase-checking-7442","true","bank-transaction-csv"
"2025-01-31","2025-01","Processed","Online Payment 23447261166 To COX COMMUNICATIONS 01/31","80","internet","chase-checking-7442","true","bank-transaction-csv"
"2025-01-27","2025-01","Processed","Online Payment 23519538245 To FLORIDA CREDIT UNION LOAN 01/27","10000","bank-expense-other","chase-checking-7442","true","bank-transaction-csv"
"2025-01-23","2025-01","Processed","Online Payment 23394413781 To GAINESVILLE REGIONAL UTILITIES 01/23","81.56","utilities","chase-checking-7442","true","bank-transaction-csv"
"2025-01-14","2025-01","Processed","PAYPAL           INST XFER  BESTBUY COM     WEB ID: PAYPALSI77","1262.92","bank-expense-other","chase-checking-7442","true","bank-transaction-csv"
"2025-01-13","2025-01","Processed","Payment to Chase card ending in 2674 01/13","572.74","bank-expense-other","chase-checking-7442","true","bank-transaction-csv"
"2025-01-09","2025-01","Processed","CHECK 6600","20000","bank-expense-other","chase-checking-7442","true","bank-transaction-csv"
"2025-01-09","2025-01","Processed","Online Payment 23333246320 To ARROW EXTERMINATORS 01/09","104","pest-control","chase-checking-7442","true","bank-transaction-csv"
"2025-01-02","2025-01","Processed","JPMORGAN CHASE   CHASE ACH                  PPD ID: 1000008113","2122.65","bank-expense-other","chase-checking-7442","true","bank-transaction-csv"
"2025-01-02","2025-01","Processed","CLIMATE FIRST BA LOAN PMT                   PPD ID: 1863026358","113.75","bank-expense-other","chase-checking-7442","true","bank-transaction-csv"
"2025-01-02","2025-01","Processed","Online Payment 23243451492 To Swim State Pool Service 01/02","165","pool-service","chase-checking-7442","true","bank-transaction-csv"
"2025-01-02","2025-01","Processed","ENTERPRISE RENT-A-CAR SOUTH BOSTON VA        01/01","150.3","bank-expense-other","chase-checking-7442","true","bank-transaction-csv"
"2024-12-31","2024-12","Processed","Online Payment 23099995976 To COX COMMUNICATIONS 12/31","74.66","internet","chase-checking-7442","true","bank-transaction-csv"
"2024-12-27","2024-12","Processed","PAYPAL           INST XFER  JOBYN1          WEB ID: PAYPALSI77","200","bank-expense-other","chase-checking-7442","true","bank-transaction-csv"
"2024-12-12","2024-12","Processed","Payment to Chase card ending in 2674 12/12","1817.16","bank-expense-other","chase-checking-7442","true","bank-transaction-csv"
"2024-12-09","2024-12","Processed","WISE US INC      WISE       shirt           WEB ID: 1453233521","51","bank-expense-other","chase-checking-7442","true","bank-transaction-csv"
"2024-12-05","2024-12","Processed","CHASE CREDIT CRD AUTOPAY                    PPD ID: 4760039224","411.86","bank-expense-other","chase-checking-7442","true","bank-transaction-csv"
"2024-12-03","2024-12","Processed","Online Payment 22775700864 To COX COMMUNICATIONS 12/03","100","internet","chase-checking-7442","true","bank-transaction-csv"
"2024-12-02","2024-12","Processed","Online Payment 22912875779 To Swim State Pool Service 12/02","165","pool-service","chase-checking-7442","true","bank-transaction-csv"
"2024-12-02","2024-12","Processed","CLIMATE FIRST BA LOAN PMT                   PPD ID: 1863026358","113.75","bank-expense-other","chase-checking-7442","true","bank-transaction-csv"
"2024-12-02","2024-12","Processed","JPMORGAN CHASE   CHASE ACH                  PPD ID: 1000008113","2122.65","bank-expense-other","chase-checking-7442","true","bank-transaction-csv"
"2024-11-22","2024-11","Processed","Online Payment 22758514293 To GAINESVILLE REGIONAL UTILITIES 11/22","40.89","utilities","chase-checking-7442","true","bank-transaction-csv"
"2024-11-15","2024-11","Processed","PAYPAL           INST XFER  ORIGINALPEN     WEB ID: PAYPALSI77","91.85","bank-expense-other","chase-checking-7442","true","bank-transaction-csv"
"2024-11-13","2024-11","Processed","Payment to Chase card ending in 2674 11/13","1043.72","bank-expense-other","chase-checking-7442","true","bank-transaction-csv"
"2024-11-06","2024-11","Processed","Wise Inc         WISE       you might want  WEB ID: 9453233521","131","bank-expense-other","chase-checking-7442","true","bank-transaction-csv"
"2024-11-05","2024-11","Processed","CHASE CREDIT CRD AUTOPAY                    PPD ID: 4760039224","276.35","bank-expense-other","chase-checking-7442","true","bank-transaction-csv"
"2024-11-04","2024-11","Processed","Online Payment 22588429268 To Swim State Pool Service 11/04","165","pool-service","chase-checking-7442","true","bank-transaction-csv"
"2024-11-01","2024-11","Processed","CLIMATE FIRST BA LOAN PMT                   PPD ID: 1863026358","113.75","bank-expense-other","chase-checking-7442","true","bank-transaction-csv"
"2024-11-01","2024-11","Processed","JPMORGAN CHASE   CHASE ACH                  PPD ID: 1000008113","2122.65","bank-expense-other","chase-checking-7442","true","bank-transaction-csv"
"2024-10-31","2024-10","Processed","Online Payment 22442124721 To COX COMMUNICATIONS 10/31","77.5","internet","chase-checking-7442","true","bank-transaction-csv"
"2024-10-29","2024-10","Processed","WISE US INC      WISE       cold weather cl WEB ID: 1453233521","50.13","bank-expense-other","chase-checking-7442","true","bank-transaction-csv"
"2024-10-23","2024-10","Processed","Online Payment 22388058743 To GAINESVILLE REGIONAL UTILITIES 10/23","53","utilities","chase-checking-7442","true","bank-transaction-csv"
"2024-10-21","2024-10","Processed","PAYPAL           INST XFER  CONAIRCORPO     WEB ID: PAYPALSI77","128.95","bank-expense-other","chase-checking-7442","true","bank-transaction-csv"
"2024-10-16","2024-10","Processed","Online Payment 22398357680 To ARROW EXTERMINATORS 10/16","104","pest-control","chase-checking-7442","true","bank-transaction-csv"
"2024-10-15","2024-10","Processed","WISE US INC      WISE       dinner with Pao WEB ID: 1453233521","41","bank-expense-other","chase-checking-7442","true","bank-transaction-csv"
"2024-10-15","2024-10","Processed","Online Payment 22388011981 To Davis Gas 10/15","51.6","fuel-or-propane","chase-checking-7442","true","bank-transaction-csv"
"2024-10-15","2024-10","Processed","Wise Inc         WISE       Elias budget 6/ WEB ID: 9453233521","1760.23","bank-expense-other","chase-checking-7442","true","bank-transaction-csv"
"2024-10-11","2024-10","Processed","Payment to Chase card ending in 2674 10/11","1180.77","bank-expense-other","chase-checking-7442","true","bank-transaction-csv"
"2024-10-07","2024-10","Processed","CHASE CREDIT CRD AUTOPAY                    PPD ID: 4760039224","261.41","bank-expense-other","chase-checking-7442","true","bank-transaction-csv"
"2024-10-03","2024-10","Processed","Online Payment 22102863794 To COX COMMUNICATIONS 10/03","77.5","internet","chase-checking-7442","true","bank-transaction-csv"
"2024-10-01","2024-10","Processed","Online Payment 22237708093 To Swim State Pool Service 10/01","1863","pool-service","chase-checking-7442","true","bank-transaction-csv"
"2024-10-01","2024-10","Processed","Online Payment 22237693109 To Swim State Pool Service 10/01","165","pool-service","chase-checking-7442","true","bank-transaction-csv"
"2024-10-01","2024-10","Processed","CLIMATE FIRST BA LOAN PMT                   PPD ID: 1863026358","113.75","bank-expense-other","chase-checking-7442","true","bank-transaction-csv"
"2024-10-01","2024-10","Processed","JPMORGAN CHASE   CHASE ACH                  PPD ID: 1000008113","2122.65","bank-expense-other","chase-checking-7442","true","bank-transaction-csv"
"2024-09-23","2024-09","Processed","Online Payment 22030742547 To GAINESVILLE REGIONAL UTILITIES 09/23","47.68","utilities","chase-checking-7442","true","bank-transaction-csv"
"2024-09-18","2024-09","Processed","SQ *SURFACE SPARK REFIN Inverness FL         09/17","1290","bank-expense-other","chase-checking-7442","true","bank-transaction-csv"
"2024-09-16","2024-09","Processed","Online Payment 22067106599 To VERIZON WIRELESS 09/16","60.65","bank-expense-other","chase-checking-7442","true","bank-transaction-csv"
"2024-09-11","2024-09","Processed","Payment to Chase card ending in 2674 09/11","846.6","bank-expense-other","chase-checking-7442","true","bank-transaction-csv"
"2024-09-05","2024-09","Processed","CHASE CREDIT CRD AUTOPAY                    PPD ID: 4760039224","1090.24","bank-expense-other","chase-checking-7442","true","bank-transaction-csv"
"2024-09-03","2024-09","Processed","CLIMATE FIRST BA LOAN PMT                   PPD ID: 1863026358","113.75","bank-expense-other","chase-checking-7442","true","bank-transaction-csv"
"2024-09-03","2024-09","Processed","JPMORGAN CHASE   CHASE ACH                  PPD ID: 1000008113","2122.65","bank-expense-other","chase-checking-7442","true","bank-transaction-csv"
"2024-09-03","2024-09","Processed","Online Payment 21916007117 To Swim State Pool Service 09/03","165","pool-service","chase-checking-7442","true","bank-transaction-csv"
"2024-08-30","2024-08","Processed","Online Payment 21784586362 To COX COMMUNICATIONS 08/30","77.5","internet","chase-checking-7442","true","bank-transaction-csv"
"2024-08-26","2024-08","Processed","PAYPAL           INST XFER  AIRBNB  HM9WXYW WEB ID: PAYPALSI77","620.25","bank-expense-other","chase-checking-7442","true","bank-transaction-csv"
"2024-08-23","2024-08","Processed","Online Payment 21777449934 To GAINESVILLE REGIONAL UTILITIES 08/23","63.65","utilities","chase-checking-7442","true","bank-transaction-csv"
"2024-08-12","2024-08","Processed","Wise Inc         WISE                       PPD ID: 9453233521","200","bank-expense-other","chase-checking-7442","true","bank-transaction-csv"
"2024-08-12","2024-08","Processed","Payment to Chase card ending in 2674 08/12","1515.2","bank-expense-other","chase-checking-7442","true","bank-transaction-csv"
"2024-08-12","2024-08","Processed","Online Payment 21694508449 To Swim State Pool Service 08/12","165","pool-service","chase-checking-7442","true","bank-transaction-csv"
"2024-08-12","2024-08","Processed","Zelle payment to Mark Stern JPM99alsq8gl","240","bank-expense-other","chase-checking-7442","true","bank-transaction-csv"
"2024-08-05","2024-08","Processed","CHASE CREDIT CRD AUTOPAY                    PPD ID: 4760039224","53.48","bank-expense-other","chase-checking-7442","true","bank-transaction-csv"
"2024-08-01","2024-08","Processed","Online Payment 21451575876 To COX COMMUNICATIONS 08/01","77.5","internet","chase-checking-7442","true","bank-transaction-csv"
"2024-08-01","2024-08","Processed","CLIMATE FIRST BA LOAN PMT                   PPD ID: 1863026358","113.75","bank-expense-other","chase-checking-7442","true","bank-transaction-csv"
"2024-08-01","2024-08","Processed","JPMORGAN CHASE   CHASE ACH                  PPD ID: 1000008113","2122.65","bank-expense-other","chase-checking-7442","true","bank-transaction-csv"
"2024-07-31","2024-07","Processed","Online Payment 21571835133 To Swim State Pool Service 07/31","165","pool-service","chase-checking-7442","true","bank-transaction-csv"
"2024-07-29","2024-07","Processed","Online Payment 21483233197 To GAINESVILLE REGIONAL UTILITIES 07/29","40.89","utilities","chase-checking-7442","true","bank-transaction-csv"
"2024-07-24","2024-07","Processed","PAYPAL           INST XFER  ACTBLUE         WEB ID: PAYPALSI77","50","bank-expense-other","chase-checking-7442","true","bank-transaction-csv"
"2024-07-24","2024-07","Processed","Online Payment 21345907377 To VERIZON WIRELESS 07/24","60.84","bank-expense-other","chase-checking-7442","true","bank-transaction-csv"
"2024-07-22","2024-07","Processed","WISE US INC      WISE       loot            WEB ID: 1453233521","200","bank-expense-other","chase-checking-7442","true","bank-transaction-csv"
"2024-07-15","2024-07","Processed","Online Payment 21417025697 To ARROW EXTERMINATORS 07/15","104","pest-control","chase-checking-7442","true","bank-transaction-csv"
"2024-07-15","2024-07","Processed","Online Payment 21416993036 To Swim State Pool Service 07/15","165","pool-service","chase-checking-7442","true","bank-transaction-csv"
"2024-07-11","2024-07","Processed","Payment to Chase card ending in 2674 07/11","1385.11","bank-expense-other","chase-checking-7442","true","bank-transaction-csv"
