"sendDate","deliverDate","transactionDate","month","status","payee","amount","category","account","includeInObservedExpenses","source"
"2026-07-21","2026-07-22","2026-07-22","2026-07","Pending","FCU car loan(...9655)","640.15","loan-payment","chase-checking-zelle-pay","false","web-paste-payment-activity"
"2026-07-02","2026-07-03","2026-07-03","2026-07","Processed","COX COMMUNICATIONS(...7206)","80","internet","chase-checking-zelle-pay","true","web-paste-payment-activity"
"2026-07-01","2026-07-02","2026-07-02","2026-07","Processed","GRU(...9142)","41.21","utilities","chase-checking-zelle-pay","true","web-paste-payment-activity"
"2026-06-18","2026-06-22","2026-06-22","2026-06","Processed","FCU car loan(...9655)","640.15","loan-payment","chase-checking-zelle-pay","true","web-paste-payment-activity"
"2026-06-03","2026-06-04","2026-06-04","2026-06","Processed","GRU(...9142)","53.53","utilities","chase-checking-zelle-pay","true","web-paste-payment-activity"
"2026-06-02","2026-06-03","2026-06-03","2026-06","Processed","COX COMMUNICATIONS(...7206)","80","internet","chase-checking-zelle-pay","true","web-paste-payment-activity"
"2026-05-21","2026-05-22","2026-05-22","2026-05","Processed","FCU car loan(...9655)","640.15","loan-payment","chase-checking-zelle-pay","true","web-paste-payment-activity"
"2026-05-01","2026-05-04","2026-05-04","2026-05","Processed","COX COMMUNICATIONS(...7206)","80","internet","chase-checking-zelle-pay","true","web-paste-payment-activity"
"2026-04-28","2026-04-29","2026-04-29","2026-04","Processed","GRU(...9142)","41.21","utilities","chase-checking-zelle-pay","true","web-paste-payment-activity"
"2026-04-21","2026-04-28","2026-04-28","2026-04","Paid","Swim state Pool service(...reet)","49.78","pool-service","chase-checking-zelle-pay","true","web-paste-payment-activity"
"2026-04-21","2026-04-22","2026-04-22","2026-04","Processed","FCU car loan(...9655)","640.15","loan-payment","chase-checking-zelle-pay","true","web-paste-payment-activity"
"2026-04-20","2026-04-21","2026-04-21","2026-04","Processed","ARROW EXTERMINATORS(...1198)","107","pest-control","chase-checking-zelle-pay","true","web-paste-payment-activity"
"2026-04-01","2026-04-02","2026-04-02","2026-04","Processed","COX COMMUNICATIONS(...7206)","80","internet","chase-checking-zelle-pay","true","web-paste-payment-activity"
"2026-03-30","2026-04-01","2026-04-01","2026-04","Processed","GRU(...9142)","74.84","utilities","chase-checking-zelle-pay","true","web-paste-payment-activity"
"2026-03-30","2026-04-01","2026-04-01","2026-04","Processed","GRU(...9142)","2.15","utilities","chase-checking-zelle-pay","true","web-paste-payment-activity"
"2026-03-19","2026-03-20","2026-03-20","2026-03","Processed","FCU car loan(...9655)","640.15","loan-payment","chase-checking-zelle-pay","true","web-paste-payment-activity"
"2026-03-10","2026-03-17","2026-03-17","2026-03","Paid","Swim state Pool service(...reet)","213.02","pool-service","chase-checking-zelle-pay","true","web-paste-payment-activity"
"2026-03-09","2026-03-11","2026-03-11","2026-03","Processed","GRU(...9142)","143.16","utilities","chase-checking-zelle-pay","true","web-paste-payment-activity"
"2026-03-04","2026-03-05","2026-03-05","2026-03","Processed","COX COMMUNICATIONS(...7206)","80","internet","chase-checking-zelle-pay","true","web-paste-payment-activity"
"2026-02-23","2026-02-24","2026-02-24","2026-02","Processed","ARROW EXTERMINATORS(...1198)","104","pest-control","chase-checking-zelle-pay","true","web-paste-payment-activity"
"2026-02-23","2026-02-24","2026-02-24","2026-02","Processed","Davis Gas(...6300)","275.99","fuel-or-propane","chase-checking-zelle-pay","true","web-paste-payment-activity"
"2026-02-19","2026-02-20","2026-02-20","2026-02","Processed","FCU car loan(...9655)","640.15","loan-payment","chase-checking-zelle-pay","true","web-paste-payment-activity"
"2026-02-02","2026-02-03","2026-02-03","2026-02","Processed","COX COMMUNICATIONS(...7206)","80","internet","chase-checking-zelle-pay","true","web-paste-payment-activity"
"2026-01-29","2026-02-02","2026-02-02","2026-02","Processed","GRU(...9142)","124.14","utilities","chase-checking-zelle-pay","true","web-paste-payment-activity"
"2026-01-21","2026-01-22","2026-01-22","2026-01","Processed","FCU car loan(...9655)","640.15","loan-payment","chase-checking-zelle-pay","true","web-paste-payment-activity"
"2026-01-06","2026-01-13","2026-01-13","2026-01","Paid","Swim state Pool service(...reet)","1925","pool-service","chase-checking-zelle-pay","true","web-paste-payment-activity"
"2026-01-02","2026-01-09","2026-01-09","2026-01","Paid","Swim state Pool service(...reet)","175","pool-service","chase-checking-zelle-pay","true","web-paste-payment-activity"
"2025-12-31","2026-01-02","2026-01-02","2026-01","Processed","COX COMMUNICATIONS(...7206)","80","internet","chase-checking-zelle-pay","true","web-paste-payment-activity"
"2025-12-23","2025-12-26","2025-12-26","2025-12","Processed","GRU(...9142)","37.63","utilities","chase-checking-zelle-pay","true","web-paste-payment-activity"
"2025-12-19","2025-12-22","2025-12-22","2025-12","Processed","FCU car loan(...9655)","640.15","loan-payment","chase-checking-zelle-pay","true","web-paste-payment-activity"
"2025-12-02","2025-12-03","2025-12-03","2025-12","Processed","COX COMMUNICATIONS(...7206)","80","internet","chase-checking-zelle-pay","true","web-paste-payment-activity"
"2025-12-01","2025-12-08","2025-12-08","2025-12","Paid","Swim state Pool service(...reet)","175","pool-service","chase-checking-zelle-pay","true","web-paste-payment-activity"
"2025-11-24","2025-11-26","2025-11-26","2025-11","Processed","GRU(...9142)","37.75","utilities","chase-checking-zelle-pay","true","web-paste-payment-activity"
"2025-11-20","2025-11-21","2025-11-21","2025-11","Processed","FCU car loan(...9655)","640.15","loan-payment","chase-checking-zelle-pay","true","web-paste-payment-activity"
"2025-11-03","2025-11-10","2025-11-10","2025-11","Paid","Swim state Pool service(...reet)","175","pool-service","chase-checking-zelle-pay","true","web-paste-payment-activity"
"2025-10-31","2025-11-03","2025-11-03","2025-11","Processed","COX COMMUNICATIONS(...7206)","80","internet","chase-checking-zelle-pay","true","web-paste-payment-activity"
"2025-10-27","2025-10-29","2025-10-29","2025-10","Processed","GRU(...9142)","58.94","utilities","chase-checking-zelle-pay","true","web-paste-payment-activity"
"2025-10-27","2025-10-28","2025-10-28","2025-10","Processed","ARROW EXTERMINATORS(...1198)","104","pest-control","chase-checking-zelle-pay","true","web-paste-payment-activity"
"2025-10-21","2025-10-22","2025-10-22","2025-10","Processed","FCU car loan(...9655)","640.15","loan-payment","chase-checking-zelle-pay","true","web-paste-payment-activity"
"2025-10-20","2025-10-27","2025-10-27","2025-10","Paid","Davis Gas(...6300)","51.6","fuel-or-propane","chase-checking-zelle-pay","true","web-paste-payment-activity"
"2025-10-20","2025-10-27","2025-10-27","2025-10","Paid","Swim state Pool service(...reet)","175","pool-service","chase-checking-zelle-pay","true","web-paste-payment-activity"
"2025-10-02","2025-10-03","2025-10-03","2025-10","Processed","COX COMMUNICATIONS(...7206)","80","internet","chase-checking-zelle-pay","true","web-paste-payment-activity"
"2025-09-26","2025-09-30","2025-09-30","2025-09","Processed","GRU(...9142)","37.49","utilities","chase-checking-zelle-pay","true","web-paste-payment-activity"
"2025-09-19","2025-09-22","2025-09-22","2025-09","Processed","FCU car loan(...9655)","640.15","loan-payment","chase-checking-zelle-pay","true","web-paste-payment-activity"
"2025-09-02","2025-09-09","2025-09-09","2025-09","Paid","Swim state Pool service(...reet)","175","pool-service","chase-checking-zelle-pay","true","web-paste-payment-activity"
"2025-09-02","2025-09-03","2025-09-03","2025-09","Processed","COX COMMUNICATIONS(...7206)","80","internet","chase-checking-zelle-pay","true","web-paste-payment-activity"
"2025-08-27","2025-08-29","2025-08-29","2025-08","Processed","GRU(...9142)","44.29","utilities","chase-checking-zelle-pay","true","web-paste-payment-activity"
