"line","item","monthly_amount","daily_amount","quarterly_amount","yearly_amount","monthly_normalized","basis","notes","normalization_rule"
"2","mort","2200",,,"26400","2200","FIXED","balance due 1-2026 $267,182","monthly_source"
"3","water","60",,,"720","60","ESTIMATED","","monthly_source"
"4","Climate First solar loan","113",,,"1356","113","FIXED","","monthly_source"
"5","pool","165",,,"1980","165","FIXED","","monthly_source"
"6","food","1500","50",,"18000","1500","ESTIMATED","","monthly_source"
"7","gas","50",,,"600","50","ESTIMATED","","monthly_source"
"8","car payments","650",,,"7800","650","FIXED","balance due 1-2026 11,103","monthly_source"
"9","car insurance","60.83",,"182.5","730","60.83","FIXED","","monthly_source"
"10","Pest visit QTR","35",,"105","420","35","ESTIMATED","","monthly_source"
"11","maint","500",,,"6000","500","ESTIMATED","","monthly_source"
"12","elias","833.33",,,"10000","833.33","ESTIMATED","","monthly_source"
"13","phone","50",,,"600","50","FIXED","","monthly_source"
"14","internet","70",,,"840","70","FIXED","","monthly_source"
"15","teeth","2083.33",,,"25000","2083.33","ESTIMATED","","monthly_source"
"16","health","250",,,"3000","250","ESTIMATED","","monthly_source"
"17","penny vet vsists","41.67",,,"500","41.67","ESTIMATED","","monthly_source"
"18","penny meds","38.33",,,"460","38.33","FIXED","","monthly_source"
"19","Dog tracker","11.75",,,"141","11.75","FIXED","","monthly_source"
"20","streaming","75",,,"900","75","ESTIMATED","","monthly_source"
"21","elias phone","25",,,"300","25","FIXED","","monthly_source"
"22","amazon","13.75",,,"165","13.75","FIXED","","monthly_source"
