, mo. , daily , QTR , yr. ,,
mort," $2,200.00 ",,," $26,400.00 ", FIXED ,"balance due 1-2026 $267,182"
water, $60.00 ,,, $720.00 , ESTIMATED ,
Climate First solar loan, $113.00 ,,," $1,356.00 ", FIXED ,
pool, $165.00 ,,," $1,980.00 ", FIXED ,
food," $1,500.00 ", $50.00 ,," $18,000.00 ", ESTIMATED ,
gas, $50.00 ,,, $600.00 , ESTIMATED ,
car payments, $650.00 ,,," $7,800.00 ", FIXED ,"balance due 1-2026 11,103"
car insurance, $60.83 ,, $182.50 , $730.00 , FIXED ,
Pest visit QTR, $35.00 ,, $105.00 , $420.00 , ESTIMATED ,
maint, $500.00 ,,," $6,000.00 ", ESTIMATED ,
elias, $833.33 ,,," $10,000.00 ", ESTIMATED ,
phone, $50.00 ,,, $600.00 , FIXED ,
internet, $70.00 ,,, $840.00 , FIXED ,
teeth," $2,083.33 ",,," $25,000.00 ", ESTIMATED ,
health, $250.00 ,,," $3,000.00 ", ESTIMATED ,
penny vet vsists, $41.67 ,,, $500.00 , ESTIMATED ,
penny meds, $38.33 ,,, $460.00 , FIXED ,
Dog tracker, $11.75 ,,, $141.00 , FIXED ,
 streaming , $75.00 ,,, $900.00 , ESTIMATED ,
 elias phone , $25.00 ,,, $300.00 , FIXED ,
amazon, $13.75 ,,, $165.00 , FIXED ,
,,,,,,
SUM," $8,826.00 ",,," $105,912.00 ",,
,,,,,,
,,0.77%,,1.07%,,
Fidelity fees," $1,122,528.00 "," $8,643.47 ",," $11,562.04 ",,
,,,,,,
,,,,,,
, allen ,,,,,
,"$1,634,489 "," $12,585.57 ",,,,
