"id","month","name","budgetAmount","notes","basis"
"cat-water","2026-07","water","60","","ESTIMATED"
"cat-food","2026-07","food","1500","","ESTIMATED"
"cat-gas","2026-07","gas","50","","ESTIMATED"
"cat-pest-visit-qtr","2026-07","Pest visit QTR","35","","ESTIMATED"
"cat-maint","2026-07","maint","500","","ESTIMATED"
"cat-elias","2026-07","elias","833.33","","ESTIMATED"
"cat-teeth","2026-07","teeth","2083.33","","ESTIMATED"
"cat-health","2026-07","health","250","","ESTIMATED"
"cat-penny-vet-vsists","2026-07","penny vet vsists","41.67","","ESTIMATED"
"cat-streaming","2026-07","streaming","75","","ESTIMATED"
"cat-mortgage","2026-08","mortgage","2200","","FIXED"
"cat-water","2026-08","water","60","","ESTIMATED"
"cat-solar-loan","2026-08","Climate First solar loan","113","","FIXED"
"cat-pool","2026-08","pool","165","","FIXED"
"cat-food","2026-08","food","1500","","ESTIMATED"
"cat-gas","2026-08","gas","50","","ESTIMATED"
"cat-car-payments","2026-08","car payments","650","","FIXED"
"cat-car-insurance","2026-08","car insurance","60.83","","FIXED"
"cat-pest-visit-qtr","2026-08","Pest visit QTR","35","","ESTIMATED"
"cat-maint","2026-08","maint","500","","ESTIMATED"
"cat-elias","2026-08","elias","833.33","","ESTIMATED"
"cat-phone","2026-08","phone","50","","FIXED"
"cat-internet","2026-08","internet","70","","FIXED"
"cat-teeth","2026-08","teeth","2083.33","","ESTIMATED"
"cat-health","2026-08","health","250","","ESTIMATED"
"cat-penny-vet-visits","2026-08","penny vet visits","41.67","","ESTIMATED"
"cat-penny-meds","2026-08","penny meds","38.33","","FIXED"
"cat-dog-tracker","2026-08","Dog tracker","11.75","","FIXED"
"cat-streaming","2026-08","streaming","75","","ESTIMATED"
"cat-elias-phone","2026-08","elias phone","25","","FIXED"
"cat-amazon-prime","2026-08","Amazon Prime","13.75","","FIXED"
