"month","incomeObserved","incomeBackfill","incomeTotalForMonth","baselineExpenses","cardPurchasesObserved","bankExpensesObserved","knownExpensesTotal","netObservedMinusKnownExpenses"
"2024-07","9900.94","0","9900.94","8812.24","2387.12","2170.84","13370.2","-3469.26"
"2024-08","9901.01","0","9901.01","8812.24","816.91","5248.98","14878.13","-4977.12"
"2024-09","18501.3","0","18501.3","8812.24","1558.78","5736.57","16107.59","2393.71"
"2024-10","13139.13","0","13139.13","8812.24","2321.27","8050.49","19184","-6044.87"
"2024-11","13293.42","0","13293.42","8812.24","884.83","3985.21","13682.28","-388.86"
"2024-12","13170.9","0","13170.9","8812.24","2295.68","5056.08","16164","-2993.1"
"2025-01","10550.52","0","10550.52","8812.24","1593.66","34652.92","45058.82","-34508.3"
"2025-02","9545.13","0","9545.13","8812.24","1140.45","5202.92","15155.61","-5610.48"
"2025-03","9545.11","0","9545.11","8812.24","5196.3","6125.16","20133.7","-10588.59"
"2025-04","9741.12","0","9741.12","8812.24","1023.29","16682.64","26518.17","-16777.05"
"2025-05","9731.63","0","9731.63","8812.24","1224.28","4774.53","14811.05","-5079.42"
"2025-06","9627.16","0","9627.16","8812.24","965.16","8450.8","18228.2","-8601.04"
"2025-07","9175.93","0","9175.93","8812.24","3457.66","6151.53","18421.43","-9245.5"
"2025-08","9024.8","0","9024.8","8812.24","687.87","9657.64","19157.75","-10132.95"
"2025-09","18238.13","0","18238.13","8812.24","1300.29","4565.25","14677.78","3560.35"
"2025-10","12495.82","0","12495.82","8812.24","1439.16","55449.71","65701.11","-53205.29"
"2025-11","13293.68","0","13293.68","8812.24","1228.88","4319.71","14360.83","-1067.15"
"2025-12","13071.78","0","13071.78","8812.24","1250.51","5728.48","15791.23","-2719.45"
"2026-01","9990.36","0","9990.36","8812.24","952.88","6052.23","15817.35","-5826.99"
"2026-02","8935.04","0","8935.04","8812.24","1115.41","14122.53","24050.18","-15115.14"
"2026-03","8934.97","0","8934.97","8812.24","890.22","8764.36","18466.82","-9531.85"
"2026-04","7584.98","0","7584.98","8812.24","1124.55","5855.58","15792.37","-8207.39"
"2026-05","7849.56","0","7849.56","8812.24","2035.76","4699.21","15547.21","-7697.65"
"2026-06","13147.18","0","13147.18","8812.24","1240.8","5528.42","15581.46","-2434.28"
"2026-07","0","0","0","8812.24","34.96","2702.32","11549.52","-11549.52"
