"id","month","type","name","amount","dueDay","notes"
"obl-mort","2026-07","mortgage","mort","2200","1","balance due 1-2026 $267,182"
"obl-climate-first-solar-loan","2026-07","loan","Climate First solar loan","113","1",""
"obl-pool","2026-07","other-fixed","pool","165","1",""
"obl-car-payments","2026-07","other-fixed","car payments","650","1","balance due 1-2026 11,103"
"obl-car-insurance","2026-07","other-fixed","car insurance","60.83","1",""
"obl-phone","2026-07","other-fixed","phone","50","1",""
"obl-internet","2026-07","other-fixed","internet","70","1",""
"obl-penny-meds","2026-07","other-fixed","penny meds","38.33","1",""
"obl-dog-tracker","2026-07","other-fixed","Dog tracker","11.75","1",""
"obl-elias-phone","2026-07","other-fixed","elias phone","25","1",""
