Category, mo. , daily , QTR , yr. ,,VENDOR,CHASE CREDIT CARD CATEGORY,
Mortgage,"$2,200.00 ",,,"$26,400.00 ", FIXED ,JPMORGAN CHASE   CHASE ACH,,"balance due 1-2026 $267,182"
Water/electric,$60.00 ,,,$720.00 , ESTIMATED ,GAINESVILLE REGIONAL UTILITIES,Bills & Utilities,
Climate First solar loan,$113.00 ,,,"$1,356.00 ", FIXED ,CLIMATE FIRST BA TRANSFER,,
Pool,$165.00 ,,,"$1,980.00 ", FIXED ,Swim State Pool Service,,
Groceries,"$1,500.00 ",$50.00 ,,"$18,000.00 ", ESTIMATED ,"NORTHWEST SEAFOOD MILH GAINESVILLE FL,PUBLIX,Fresh market, Uppercrust,",Groceries,
Food & Drink,$200.00 ,,,"$2,400.00 ", ESTIMATED ,"TST*DRAGONFLY SUSHI &amp; SA,SQ *VERDE SPICE,FSP*SWAMP HEAD BREWERY,MILLHOPPER LIQUORS",Food & Drink,
Gas,$50.00 ,,,$600.00 , ESTIMATED ,,Gas,
Car loan payments,$650.00 ,,,"$7,800.00 ", FIXED ,FLORIDA CREDIT UNION LOAN,,"balance due 1-2026 11,103"
Car insurance,$60.83 ,,$182.50 ,$730.00 , FIXED ,GEICO,,
Pest service,$35.00 ,,$105.00 ,$420.00 , ESTIMATED ,ARROW EXTERMINATORS,,
Home,$500.00 ,,,"$6,000.00 ", ESTIMATED ,"Mike Swal,LOWES,MILLHOPPER ACE",Home,
Elias,$833.33 ,,,"$10,000.00 ", ESTIMATED ,"Wise Inc         WISE,WEIMARK APT RENTAL APP,Yak Management,",,
Phone,$50.00 ,,,$600.00 , FIXED ,BOOST MOBILE,Bills & Utilities,
Internet,$70.00 ,,,$840.00 , FIXED ,"COX COMMUNICATIONS,APPLE.COM",Bills & Utilities,
Dental,"$2,083.33 ",,,"$25,000.00 ", ESTIMATED ,,,
Health,$250.00 ,,,"$3,000.00 ", ESTIMATED ,CVS/PHARMACY #01815,,
Penny vet visits,$41.67 ,,,$500.00 , ESTIMATED ,"PETDATA  INC.,SUBURBAN ANIMAL HO",Personal,
Penny meds,$38.33 ,,,$460.00 , FIXED ,,,
Dog tracker,$11.75 ,,,$141.00 , FIXED ,Tractive,,
Streaming,$75.00 ,,,$900.00 , ESTIMATED ,"Netflix.com,HBO,QOBUZ",Bills & Utilities,
Elias phone,$25.00 ,,,$300.00 , FIXED ,,,
Amazon Prime,$13.75 ,,,$165.00 , FIXED ,Amazon Prime Membership,Shopping,
Propane,,,, , ESTIMATED ,Davis Gas,,
Taxes,,,, , ESTIMATED ,IRS,,
,,,,,,,,
SUM,"$9,025.99 ",,,"$108,312.00 ",,,,
