"month","cardAccount","purchasesAmount","transactionCount","source"
"2024-07","amazon-card","1090.24","6","credit-card-csv"
"2024-07","day-to-day-card","1296.88","31","credit-card-csv"
"2024-08","amazon-card","47.27","2","credit-card-csv"
"2024-08","day-to-day-card","769.64","27","credit-card-csv"
"2024-09","amazon-card","399.35","11","credit-card-csv"
"2024-09","day-to-day-card","1159.43","32","credit-card-csv"
"2024-10","amazon-card","424.55","13","credit-card-csv"
"2024-10","day-to-day-card","1896.72","37","credit-card-csv"
"2024-11","amazon-card","78.45","1","credit-card-csv"
"2024-11","day-to-day-card","806.38","30","credit-card-csv"
"2024-12","amazon-card","1501.32","7","credit-card-csv"
"2024-12","day-to-day-card","794.36","28","credit-card-csv"
"2025-01","amazon-card","191.4","10","credit-card-csv"
"2025-01","day-to-day-card","1402.26","28","credit-card-csv"
"2025-02","amazon-card","76.17","4","credit-card-csv"
"2025-02","day-to-day-card","1064.28","27","credit-card-csv"
"2025-03","amazon-card","116.13","1","credit-card-csv"
"2025-03","day-to-day-card","5080.17","33","credit-card-csv"
"2025-04","amazon-card","159.9","5","credit-card-csv"
"2025-04","day-to-day-card","863.39","23","credit-card-csv"
"2025-05","amazon-card","74.33","6","credit-card-csv"
"2025-05","day-to-day-card","1149.95","28","credit-card-csv"
"2025-06","amazon-card","94.46","3","credit-card-csv"
"2025-06","day-to-day-card","870.7","23","credit-card-csv"
"2025-07","amazon-card","248.75","5","credit-card-csv"
"2025-07","day-to-day-card","3208.91","39","credit-card-csv"
"2025-08","amazon-card","85.75","3","credit-card-csv"
"2025-08","day-to-day-card","602.12","22","credit-card-csv"
"2025-09","amazon-card","118.99","7","credit-card-csv"
"2025-09","day-to-day-card","1181.3","21","credit-card-csv"
"2025-10","amazon-card","204.11","5","credit-card-csv"
"2025-10","day-to-day-card","1235.05","25","credit-card-csv"
"2025-11","amazon-card","148.07","5","credit-card-csv"
"2025-11","day-to-day-card","1080.81","28","credit-card-csv"
"2025-12","amazon-card","295.88","7","credit-card-csv"
"2025-12","day-to-day-card","954.63","26","credit-card-csv"
"2026-01","amazon-card","172","1","credit-card-csv"
"2026-01","day-to-day-card","780.88","18","credit-card-csv"
"2026-02","amazon-card","118.21","2","credit-card-csv"
"2026-02","day-to-day-card","997.2","24","credit-card-csv"
"2026-03","amazon-card","72.06","3","credit-card-csv"
"2026-03","day-to-day-card","818.16","20","credit-card-csv"
"2026-04","amazon-card","94.56","2","credit-card-csv"
"2026-04","day-to-day-card","1029.99","28","credit-card-csv"
"2026-05","amazon-card","693.95","7","credit-card-csv"
"2026-05","day-to-day-card","1341.81","26","credit-card-csv"
"2026-06","amazon-card","301.7","11","credit-card-csv"
"2026-06","day-to-day-card","939.1","33","credit-card-csv"
"2026-07","day-to-day-card","34.96","1","credit-card-csv"
