Match Text,Category,Subcategory
JPMORGAN CHASE,Mortgage,Mortgage
CLIMATE FIRST,Solar Loan,Climate First solar loan
GAINESVILLE REGIONAL UTILITIES,Bills & Utilities,Water & Electric
COX COMMUNICATIONS,Bills & Utilities,Internet
SWIM STATE POOL SERVICE,Bills & Utilities,Pool service
ARROW EXTERMINATORS,Bills & Utilities,Pest service
FLORIDA CREDIT UNION LOAN,Automotive,Car loan
WISE,Elias,Elias support
NORTHWEST SEAFOOD,Groceries,Groceries
PUBLIX,Groceries,Groceries
MILLHOPPER LIQUORS,Food & Drink,Liquor
TOTALWINE,Food & Drink,Liquor
DAVIS GAS,Bills & Utilities,Propane
TRACTIVE,Bills & Utilities,Penny tracker
VERIZON WIRELESS,Bills & Utilities,Phone
SIKKING'S GLASS,Home,Sliding glass door repair
HELME ELECTRIC,Home,Electric repair
SURFACE SPARK REFIN,Home,Bath tub repair
SHORT STOP,Gas,Gas
SPEEDWAY,Gas,Gas
ENTERPRISE RENT-A-CAR,Automotive,Car rental
PAYPAL,Home,PayPal purchases
IRS,Taxes,Federal taxes
US TREAS TAX PYMT,Taxes,Federal taxes
ALACHUA COUNTY,Taxes,County taxes
MIKE SWAL,Home,Trailer service
