Transaction Date,Post Date,Description,Category,Type,Amount,Memo
07/03/2026,07/03/2026,AUTOMATIC PAYMENT - THANK,,Payment,298.25,
06/29/2026,06/29/2026,AMAZON MKTPL*BY2ZZ8UL3,Shopping,Sale,-9.66,
06/29/2026,06/29/2026,Amazon.com*9868H0R33,Shopping,Sale,-32.20,
06/29/2026,06/29/2026,AMAZON MKTPL*LM3Z83I13,Shopping,Sale,-53.70,
06/29/2026,06/29/2026,AMAZON MKTPL*IG7DL1K33,Shopping,Sale,-38.69,
06/18/2026,06/19/2026,Amazon.com*886Z96HU3,Shopping,Sale,-4.71,
06/13/2026,06/14/2026,AMAZON MKTPL*XO1TN76J3,Shopping,Sale,-6.99,
06/12/2026,06/14/2026,Amazon.com*B90IQ9FT3,Shopping,Sale,-45.14,
06/09/2026,06/10/2026,AMAZON MKTPL*IF50Z94D3,Shopping,Sale,-16.06,
06/10/2026,06/10/2026,Amazon.com*U056A6AV3,Shopping,Sale,-80.60,
06/08/2026,06/08/2026,AMAZON MKTPL*X91B56WR3,Shopping,Sale,-7.51,
06/08/2026,06/08/2026,AMAZON MKTPL*JD2UT73R3,Shopping,Sale,-6.44,
06/04/2026,06/04/2026,AUTOMATIC PAYMENT - THANK,,Payment,490.26,
05/28/2026,05/29/2026,AMAZON MKTPL*FT5NA51A3,Shopping,Sale,-14.39,
05/28/2026,05/29/2026,AMAZON MKTPL*ZE9PN75H3,Shopping,Sale,-45.40,
05/25/2026,05/25/2026,AMAZON MKTPL*T25Z69613,Shopping,Sale,-22.53,
05/23/2026,05/24/2026,AMAZON MKTPL*5S1YW68J3,Shopping,Sale,-9.65,
05/18/2026,05/19/2026,AMAZON MKTPL*BF91Y0820,Shopping,Sale,-206.28,
05/04/2026,05/04/2026,AUTOMATIC PAYMENT - THANK,,Payment,72.06,
05/03/2026,05/04/2026,AMAZON MKTPL*BJ05D5951,Shopping,Sale,-10.52,
05/01/2026,05/03/2026,AMZ*PS Audio  Inc.,Shopping,Sale,-385.18,
04/15/2026,04/16/2026,AMAZON MKTPL*B728Z1EN0,Shopping,Sale,-13.96,
04/13/2026,04/14/2026,Amazon.com*B708M6F30,Shopping,Sale,-80.60,
04/03/2026,04/03/2026,AUTOMATIC PAYMENT - THANK,,Payment,118.21,
03/15/2026,03/16/2026,AMAZON MKTPL*BP7VN0830,Shopping,Sale,-10.74,
03/13/2026,03/13/2026,Amazon.com*BD4SR1QY2,Shopping,Sale,-36.60,
03/09/2026,03/10/2026,AMAZON MKTPL*BP6519TE1,Shopping,Sale,-24.72,
02/15/2026,02/15/2026,Amazon.com*4C5AS7693,Shopping,Sale,-80.60,
02/08/2026,02/09/2026,AMAZON MKTPL*AJ1NU70E3,Shopping,Sale,-37.61,
02/04/2026,02/04/2026,AUTOMATIC PAYMENT - THANK,,Payment,445.07,
01/04/2026,01/04/2026,AUTOMATIC PAYMENT - THANK,,Payment,54.29,
01/02/2026,01/02/2026,AMAZON MKTPL*NY8FG2013,Shopping,Sale,-172.00,
12/28/2025,12/28/2025,AMAZON MKTPL*SX4877P13,Shopping,Sale,-10.74,
12/27/2025,12/28/2025,Amazon.com*EZ37L9VN3,Shopping,Sale,-80.60,
12/26/2025,12/28/2025,Amazon.com*ZV7W77CU3,Shopping,Sale,-3.72,
12/15/2025,12/16/2025,AMAZON MKTPL*IP72936K3,Shopping,Sale,-16.02,
12/14/2025,12/15/2025,Amazon.com*F72L159V3,Shopping,Sale,-161.99,
12/05/2025,12/07/2025,Amazon.com*BI69F35J1,Shopping,Sale,-7.11,
12/04/2025,12/04/2025,AUTOMATIC PAYMENT - THANK,,Payment,301.36,
12/01/2025,12/01/2025,AMAZON MKTPL*BB62222L2,Shopping,Sale,-15.70,
11/19/2025,11/20/2025,AMAZON MKTPL*B06V89JH0,Shopping,Sale,-21.28,
11/13/2025,11/14/2025,Amazon.com*B828Q8VR0,Shopping,Sale,-10.20,
11/06/2025,11/07/2025,Amazon.com*BT36N8EH1,Shopping,Sale,-29.55,
11/06/2025,11/06/2025,AMAZON MKTPL*NK0JE2D72,Shopping,Sale,-6.44,
11/04/2025,11/04/2025,AUTOMATIC PAYMENT - THANK,,Payment,119.45,
11/03/2025,11/04/2025,Amazon.com*NK4L92EH2,Shopping,Sale,-80.60,
10/26/2025,10/26/2025,AMAZON MKTPL*NU7D87SO2,Shopping,Sale,-9.68,
10/23/2025,10/24/2025,AMAZON MKTPL*NU4O06PX1,Shopping,Sale,-28.95,
10/21/2025,10/21/2025,AMAZON MKTPL*NU7KI9VI0,Shopping,Sale,-89.95,
10/08/2025,10/08/2025,AMAZON MKTPL*NV01878I2,Shopping,Sale,-56.19,
10/03/2025,10/05/2025,AMAZON MKTPL*NJ7WP8IM2,Shopping,Sale,-19.34,
10/03/2025,10/03/2025,AUTOMATIC PAYMENT - THANK,,Payment,104.63,
09/28/2025,09/29/2025,AMAZON MKTPL*4F1AN2NM3,Shopping,Sale,-30.98,
09/28/2025,09/29/2025,AMAZON MKTPL*NJ59I0I80,Shopping,Sale,-27.40,
09/27/2025,09/28/2025,Amazon.com*NJ6GF79F0,Shopping,Sale,-31.00,
09/13/2025,09/14/2025,AMAZON MKTPL*7J28M5VE3,Shopping,Sale,-10.73,
09/04/2025,09/04/2025,AUTOMATIC PAYMENT - THANK,,Payment,183.52,
09/02/2025,09/03/2025,AMAZON MKTPL*Y44FJ1LT3,Shopping,Sale,-8.59,
09/01/2025,09/02/2025,AMAZON MKTPL*LS1S34UD3,Shopping,Sale,-4.99,
09/01/2025,09/01/2025,Amazon.com*V27FH9AO3,Shopping,Sale,-5.30,
08/15/2025,08/15/2025,AMAZON MKTPL*7N3YW35B3,Shopping,Sale,-13.99,
08/11/2025,08/11/2025,AMAZON MKTPL*9H1185DM3,Shopping,Sale,-7.90,
08/09/2025,08/10/2025,Amazon.com*KK6CL7J53,Shopping,Sale,-63.86,
08/04/2025,08/04/2025,AUTOMATIC PAYMENT - THANK,,Payment,153.25,
07/22/2025,07/23/2025,Prime Video *2C85P1WZ3,Shopping,Sale,-4.36,
07/15/2025,07/16/2025,AMAZON PRIME*0A9EG7KX3,Bills & Utilities,Sale,-140.47,
07/07/2025,07/08/2025,AMAZON MKTPL*NL3J13CW0,Shopping,Sale,-38.69,
07/04/2025,07/04/2025,AUTOMATIC PAYMENT - THANK,,Payment,62.79,
07/03/2025,07/04/2025,AMAZON MKTPL*N35804YI2,Shopping,Sale,-33.28,
07/03/2025,07/04/2025,AMAZON MKTPL*N30IH2GL1,Shopping,Sale,-31.95,
06/16/2025,06/17/2025,Amazon.com*NA50L0QJ1,Shopping,Sale,-9.57,
06/15/2025,06/16/2025,Amazon.com*NO7UO4CB2,Shopping,Sale,-78.45,
06/04/2025,06/04/2025,AUTOMATIC PAYMENT - THANK,,Payment,177.88,
06/02/2025,06/03/2025,AMAZON MKTPL*N615R9ZK1,Shopping,Sale,-6.44,
05/29/2025,05/30/2025,Amazon.com*NN3HE1851,Shopping,Sale,-8.97,
05/20/2025,05/21/2025,Amazon.com*NW1BE1WJ1,Shopping,Sale,-12.14,
05/20/2025,05/21/2025,AMAZON MKTPL*NW5539WK1,Shopping,Sale,-6.34,
05/19/2025,05/20/2025,Amazon.com*NW8WN2DZ0,Shopping,Sale,-28.90,
05/05/2025,05/05/2025,Amazon.com*NB9223PQ0,Shopping,Sale,-5.22,
05/04/2025,05/04/2025,AUTOMATIC PAYMENT - THANK,,Payment,116.13,
04/30/2025,05/01/2025,Amazon.com*7V1827P23,Shopping,Sale,-12.76,
04/29/2025,04/30/2025,Amazon.com*NB1UR2X62,Shopping,Sale,-78.45,
04/24/2025,04/24/2025,Amazon.com*KV9LD0N03,Shopping,Sale,-30.90,
04/23/2025,04/24/2025,AMAZON MKTPL*PS5Z289W3,Shopping,Sale,-11.79,
04/21/2025,04/22/2025,AMAZON MKTPL*409ZL7WL3,Shopping,Sale,-8.71,
04/10/2025,04/10/2025,AMAZON MKTPL*0F9UZ8FF3,Shopping,Sale,-30.05,
04/04/2025,04/04/2025,AUTOMATIC PAYMENT - THANK,,Payment,76.17,
03/09/2025,03/10/2025,AMAZON MKTPL*TH08X9853,Shopping,Sale,-116.13,
03/04/2025,03/04/2025,AUTOMATIC PAYMENT - THANK,,Payment,175.30,
02/21/2025,02/21/2025,AMAZON MKTPL*HM1KA3QD3,Shopping,Sale,-25.79,
02/21/2025,02/21/2025,AMAZON MKTPL*J55OB38L3,Shopping,Sale,-19.34,
02/13/2025,02/13/2025,AMAZON MKTPL*HR1BX8EE3,Shopping,Sale,-21.49,
02/09/2025,02/10/2025,Amazon.com*II5H74L53,Shopping,Sale,-9.55,
02/04/2025,02/04/2025,AUTOMATIC PAYMENT - THANK,,Payment,171.68,
01/29/2025,01/30/2025,Amazon.com*ZC7NB3Q20,Shopping,Sale,-9.99,
01/28/2025,01/29/2025,AMAZON MKTPL*Z75ZZ50V2,Shopping,Sale,-8.30,
01/27/2025,01/28/2025,AMAZON MKTPL*Z72Z07Z82,Shopping,Sale,-8.47,
01/25/2025,01/26/2025,Amazon.com*ZG7O52RW0,Shopping,Sale,-28.95,
01/22/2025,01/23/2025,AMZN Mktp US*ZC3TK9VK2,Shopping,Sale,-14.99,
01/18/2025,01/19/2025,Amazon.com*Z59T68J41,Shopping,Sale,-7.15,
01/17/2025,01/19/2025,Amazon.com*ZG5RF96L2,Shopping,Sale,-78.45,
01/12/2025,01/13/2025,Amazon.com*ZD7FE5P71,Shopping,Sale,-9.66,
01/12/2025,01/12/2025,AMAZON MKTPL*ZD54V6AU1,Shopping,Sale,-9.34,
01/11/2025,01/12/2025,Amazon.com,Shopping,Return,1345.74,
01/06/2025,01/07/2025,Amazon.com*ZD08L7UJ2,Shopping,Sale,-16.10,
12/22/2024,12/23/2024,Amazon.com*Z933O8S80,Shopping,Sale,-40.46,
12/19/2024,12/20/2024,AMAZON MKTPL*Z155R22X1,Shopping,Sale,-10.74,
12/20/2024,12/20/2024,Amazon.com*Z18NY17W1,Shopping,Sale,-1345.74,
12/14/2024,12/15/2024,AMAZON MKTPL*Z162O7MK2,Shopping,Sale,-20.43,
12/14/2024,12/15/2024,AMAZON MKTPL*ZX45S9H01,Shopping,Sale,-19.48,
12/12/2024,12/13/2024,Amazon.com*ZR0EQ5I21,Shopping,Sale,-39.76,
12/08/2024,12/09/2024,AMAZON MKTPL*ZR5TI1VH0,Shopping,Sale,-24.71,
12/04/2024,12/04/2024,AUTOMATIC PAYMENT - THANK,,Payment,411.86,
11/05/2024,11/06/2024,Amazon.com*BL3U69BR3,Shopping,Sale,-78.45,
11/04/2024,11/04/2024,AUTOMATIC PAYMENT - THANK,,Payment,276.35,
10/30/2024,10/31/2024,AMAZON MKTPL*J63CJ9G43,Shopping,Sale,-23.98,
10/26/2024,10/27/2024,AMAZON MKTPL*JB1ZS2613,Shopping,Sale,-50.48,
10/24/2024,10/25/2024,AMAZON MKTPL*O87PI17C3,Shopping,Sale,-10.74,
10/24/2024,10/25/2024,AMAZON MKTPL*XW0I576K3,Shopping,Sale,-10.74,
10/24/2024,10/25/2024,AMAZON MKTPL*HE3RJ3XX3,Shopping,Sale,-14.47,
10/24/2024,10/25/2024,Amazon.com*2Q4VI4ME3,Shopping,Sale,-7.50,
10/21/2024,10/22/2024,AMAZON MKTPL*PL5PY4Y93,Shopping,Sale,-15.04,
10/19/2024,10/20/2024,AMAZON MKTPL*599MW5T93,Shopping,Sale,-47.29,
10/18/2024,10/20/2024,Amazon.com*8C9Q78JZ3,Shopping,Sale,-17.94,
10/16/2024,10/17/2024,AMAZON MKTPL*OG9QM2D83,Shopping,Sale,-41.74,
10/16/2024,10/17/2024,SP PRIORITY BICYCLE,Shopping,Sale,-64.49,
10/14/2024,10/15/2024,AMAZON MKTPL*QF2A94ZB3,Shopping,Sale,-29.00,
10/04/2024,10/04/2024,AUTOMATIC PAYMENT - THANK,,Payment,261.41,
09/30/2024,10/01/2024,Amazon.com*QP1NK8OE3,Shopping,Sale,-91.14,
09/24/2024,09/24/2024,Amazon.com*9I9LJ5YZ3,Shopping,Sale,-8.27,
09/17/2024,09/17/2024,AMAZON MKTPL*A68O98213,Shopping,Sale,-15.19,
09/17/2024,09/17/2024,ZAP*ZAPPOS.COM,Shopping,Sale,-37.60,
09/14/2024,09/15/2024,Amazon.com*D46T74LJ3,Shopping,Sale,-78.45,
09/14/2024,09/15/2024,AMAZON MKTPL*J21838CO3,Shopping,Sale,-37.61,
09/07/2024,09/08/2024,Amazon.com*ZT7CK6YO2,Shopping,Sale,-8.09,
09/05/2024,09/06/2024,Amazon.com*ZT70A9SX2,Shopping,Sale,-70.86,
09/05/2024,09/06/2024,AMZN Mktp US*ZT8245P61,Shopping,Sale,-113.84,
09/06/2024,09/06/2024,AMAZON MKTPL*ZT9FZ8VL0,Shopping,Sale,-13.75,
09/04/2024,09/05/2024,AMZ*Woot LLC,Shopping,Sale,-6.00,
09/04/2024,09/04/2024,AUTOMATIC PAYMENT - THANK,,Payment,1090.24,
09/02/2024,09/02/2024,AMAZON MKTPL*RK3B76KL1,Shopping,Sale,-9.69,
08/19/2024,08/19/2024,AMAZON MKTPL*RU1S155L0,Shopping,Sale,-9.66,
08/16/2024,08/16/2024,AMAZON MKTPL*RU0I10N61,Shopping,Sale,-37.61,
08/04/2024,08/04/2024,AUTOMATIC PAYMENT - THANK,,Payment,53.48,
07/30/2024,07/31/2024,AMAZON MKTPL*RV9I51YV2,Shopping,Sale,-10.74,
07/23/2024,07/24/2024,Amazon.com*RJ4OR2BQ2,Shopping,Sale,-78.45,
07/23/2024,07/24/2024,AMAZON MKTPL*RJ0ZU46I2,Shopping,Sale,-45.06,
07/15/2024,07/16/2024,Amazon Prime,Bills & Utilities,Return,2.12,
07/15/2024,07/16/2024,Amazon Prime*RS1E13A20,Bills & Utilities,Sale,-140.26,
07/13/2024,07/14/2024,AMAZON MKTPL*RY6YP6QM2,Shopping,Sale,-300.99,
07/10/2024,07/10/2024,AMAZON MKTPL*RY7IJ6GN0,Shopping,Sale,-514.74,
