item,monthly_amount,daily_amount,quarterly_amount,yearly_amount,source_note
mort,2200.00,,,26400.00,from screenshot
water,60.00,,,720.00,from screenshot
Climate First solar loan,113.00,,,1356.00,from screenshot
pool,165.00,,,1980.00,from screenshot
food,1500.00,50.00,,18000.00,from screenshot
gas,50.00,,,600.00,from screenshot
car payments,650.00,,,7800.00,from screenshot
car insurance,60.83,,182.50,730.00,from screenshot
Pest visit QTR,35.00,,105.00,420.00,from screenshot
maint,500.00,,,6000.00,from screenshot
elias,833.33,,,10000.00,from screenshot
phone,66.00,,,792.00,from screenshot
internet,70.00,,,840.00,from screenshot
teeth,2083.33,,,25000.00,from screenshot
health,250.00,,,3000.00,from screenshot
penny vet visits,41.67,,,500.00,from screenshot
penny meds,38.33,,,460.00,from screenshot
Dog tracker,11.75,,,141.00,from screenshot
streaming,75.00,,,900.00,from screenshot
elias phone,25.00,,,300.00,from screenshot
amazon,13.75,,,165.00,from screenshot
SUM,8842.00,,,106104.00,sheet total row
