Budget Category,Monthly, Daily , QTR ,Annual,Cost type,MATCH VENDOR from Bank statement 7442 CSV Description column (comma delimmited) - ,MATCH CHASE CREDIT CARD CATEGORY - from card statements- CATEGORY column,
Mortgage,"$2,200.00 ",,,"$26,400.00 ", FIXED ,JPMORGAN CHASE   CHASE ACH,,
Water/electric,$60.00 ,,,$720.00 , ESTIMATED ,GAINESVILLE REGIONAL UTILITIES,,
Climate First Solar loan,$113.00 ,,,"$1,356.00 ", FIXED ,CLIMATE FIRST BA TRANSFER,,
Pool,$165.00 ,,,"$1,980.00 ", FIXED ,Swim State Pool Service,,
Groceries,"$1,500.00 ",$50.00 ,,"$18,000.00 ", ESTIMATED ,NORTHWEST SEAFOOD MILH GAINESVILLE FL,Groceries,",Fresh market, Uppercrust,"
Food & Drink,$200.00 ,,,"$2,400.00 ", ESTIMATED ,,Food & Drink,"TST*DRAGONFLY SUSHI &amp; SA,SQ *VERDE SPICE,FSP*SWAMP HEAD BREWERY,MILLHOPPER LIQUORS"
Gas,$50.00 ,,,$600.00 , ESTIMATED ,,Gas,
Car loan payments,$650.00 ,,,"$7,800.00 ", FIXED ,FLORIDA CREDIT UNION LOAN,,
Bills & Utilities-car insurance,$60.83 ,,$182.50 ,$730.00 , FIXED ,,Bills & Utilities,GEICO-car insurance
Pest service,$35.00 ,,$105.00 ,$420.00 , ESTIMATED ,ARROW EXTERMINATORS,,
Home-Zelle,$250.00 ,,,"$3,000.00 ", ESTIMATED ,"Mike Swal, ",,
Home-Credit card,$250.00 ,,,"$3,000.00 ", ESTIMATED ,,Home,
Elias,$833.33 ,,,"$10,000.00 ", ESTIMATED ,"Wise Inc         WISE,WEIMARK APT RENTAL APP,Yak Management,",,
Bills & Utilities,$25.00 ,,,$300.00 , FIXED ,,Bills & Utilities,BOOST MOBILE
Bills & Utilities,$70.00 ,,,$840.00 , FIXED ,,Bills & Utilities,"COX COMMUNICATIONS,APPLE.COM"
Dental,"$2,083.33 ",,,"$25,000.00 ", ESTIMATED ,,,
Health & Wellness,$250.00 ,,,"$3,000.00 ", ESTIMATED ,,Health & Wellness,CVS/PHARMACY #01815
Personal,$41.67 ,,,$500.00 , ESTIMATED ,,Personal,Penny vet visits - SUBURBAN ANIMAL HOSPITAL
Personal,$38.33 ,,,$460.00 , FIXED ,,Personal,Penny meds - VC* SUBURBAN ANIMAL HO
Dog tracker,$11.75 ,,,$141.00 , FIXED ,PAYPAL           INST XFER  TRACTIVE,,Tractive
Bills & Utilities,$75.00 ,,,$900.00 , ESTIMATED ,,Bills & Utilities,Netflix.com
Shopping Chase,$1.00 ,,,$12.00 , FIXED ,,,apple typically
Shopping-Amazon,$333.33 ,,,"$4,000.00 ", FIXED ,,Shopping,Amazon Prime Membership
Travel,$166.67 ,,,"$2,000.00 ", ESTIMATED ,,Travel,
Entertainment,$83.33 ,,,"$1,000.00 ", ESTIMATED ,,Entertainment,",HBO,QOBUZ"
Education,$25.00 ,,,$300.00 , ESTIMATED ,,Education,
Automotive,$25.00 ,,,$300.00 , ESTIMATED ,,Automotive,
Gifts & Donations,$41.67 ,,,$500.00 , ESTIMATED ,,Gifts & Donations,Salvation Army
,,,,,,,,
,,,,,,,,
,,,,,,,,
,,,,,,,,
,,,,,,,,
,,,,,,,,
SUM,"$9,663.24 ",,,"$115,959.00 ",,,,
