"transactionDate","source","description","amount","isIncome","sourceStatement"
"2026-06-30","microsoft","MICROSOFT        EDIPAYMENT                 PPD ID: 9911144442","2193.06","true","Chase7442_Activity_20260706.CSV"
"2026-06-25","interest","INTEREST PAYMENT","0.54","true","Chase7442_Activity_20260706.CSV"
"2026-06-24","social-security","SSA  TREAS 310   XXSOC SEC                  PPD ID: 9031036360","4732","true","Chase7442_Activity_20260706.CSV"
"2026-06-15","microsoft","MICROSOFT        EDIPAYMENT                 PPD ID: 9911144442","744.52","true","Chase7442_Activity_20260706.CSV"
"2026-05-29","microsoft","MICROSOFT        EDIPAYMENT                 PPD ID: 9911144442","845.37","true","Chase7442_Activity_20260706.CSV"
"2026-05-27","interest","INTEREST PAYMENT","0.6","true","Chase7442_Activity_20260706.CSV"
"2026-05-27","social-security","SSA  TREAS 310   XXSOC SEC                  PPD ID: 9031036360","4732","true","Chase7442_Activity_20260706.CSV"
"2026-05-15","microsoft","MICROSOFT        EDIPAYMENT                 PPD ID: 9911144442","1426.22","true","Chase7442_Activity_20260706.CSV"
"2026-04-30","microsoft","MICROSOFT        EDIPAYMENT                 PPD ID: 9911144442","1426.22","true","Chase7442_Activity_20260706.CSV"
"2026-04-24","interest","INTEREST PAYMENT","0.54","true","Chase7442_Activity_20260706.CSV"
"2026-04-22","social-security","SSA  TREAS 310   XXSOC SEC                  PPD ID: 9031036360","4732","true","Chase7442_Activity_20260706.CSV"
"2026-04-15","microsoft","MICROSOFT        EDIPAYMENT                 PPD ID: 9911144442","1426.22","true","Chase7442_Activity_20260706.CSV"
"2026-03-31","microsoft","MICROSOFT        EDIPAYMENT                 PPD ID: 9911144442","2101.24","true","Chase7442_Activity_20260706.CSV"
"2026-03-25","interest","INTEREST PAYMENT","0.48","true","Chase7442_Activity_20260706.CSV"
"2026-03-25","social-security","SSA  TREAS 310   XXSOC SEC                  PPD ID: 9031036360","4732","true","Chase7442_Activity_20260706.CSV"
"2026-03-13","microsoft","MICROSOFT        EDIPAYMENT                 PPD ID: 9911144442","2101.25","true","Chase7442_Activity_20260706.CSV"
"2026-02-27","microsoft","MICROSOFT        EDIPAYMENT                 PPD ID: 9911144442","2101.25","true","Chase7442_Activity_20260706.CSV"
"2026-02-26","interest","INTEREST PAYMENT","0.54","true","Chase7442_Activity_20260706.CSV"
"2026-02-25","social-security","SSA  TREAS 310   XXSOC SEC                  PPD ID: 9031036360","4732","true","Chase7442_Activity_20260706.CSV"
"2026-02-13","microsoft","MICROSOFT        EDIPAYMENT                 PPD ID: 9911144442","2101.25","true","Chase7442_Activity_20260706.CSV"
"2026-01-30","microsoft","MICROSOFT        EDIPAYMENT                 PPD ID: 9911144442","3156.49","true","Chase7442_Activity_20260706.CSV"
"2026-01-28","interest","INTEREST PAYMENT","0.62","true","Chase7442_Activity_20260706.CSV"
"2026-01-28","social-security","SSA  TREAS 310   XXSOC SEC                  PPD ID: 9031036360","4732","true","Chase7442_Activity_20260706.CSV"
"2026-01-15","microsoft","MICROSOFT        EDIPAYMENT                 PPD ID: 9911144442","2101.25","true","Chase7442_Activity_20260706.CSV"
"2025-12-31","microsoft","MICROSOFT        EDIPAYMENT                 PPD ID: 9911144442","4184.18","true","Chase7442_Activity_20260706.CSV"
"2025-12-24","interest","INTEREST PAYMENT","0.42","true","Chase7442_Activity_20260706.CSV"
"2025-12-24","social-security","SSA  TREAS 310   XXSOC SEC                  PPD ID: 9031036360","4603","true","Chase7442_Activity_20260706.CSV"
"2025-12-15","microsoft","MICROSOFT        EDIPAYMENT                 PPD ID: 9911144442","4284.18","true","Chase7442_Activity_20260706.CSV"
"2025-11-28","interest","INTEREST PAYMENT","0.43","true","Chase7442_Activity_20260706.CSV"
"2025-11-28","microsoft","MICROSOFT        EDIPAYMENT                 PPD ID: 9911144442","4345.13","true","Chase7442_Activity_20260706.CSV"
"2025-11-26","social-security","SSA  TREAS 310   XXSOC SEC                  PPD ID: 9031036360","4603","true","Chase7442_Activity_20260706.CSV"
"2025-11-14","microsoft","MICROSOFT        EDIPAYMENT                 PPD ID: 9911144442","4345.12","true","Chase7442_Activity_20260706.CSV"
"2025-10-31","microsoft","MICROSOFT        EDIPAYMENT                 PPD ID: 9911144442","3966.46","true","Chase7442_Activity_20260706.CSV"
"2025-10-27","interest","INTEREST PAYMENT","0.68","true","Chase7442_Activity_20260706.CSV"
"2025-10-22","social-security","SSA  TREAS 310   XXSOC SEC                  PPD ID: 9031036360","4603","true","Chase7442_Activity_20260706.CSV"
"2025-10-15","microsoft","MICROSOFT        EDIPAYMENT                 PPD ID: 9911144442","3925.68","true","Chase7442_Activity_20260706.CSV"
"2025-09-30","microsoft","MICROSOFT        EDIPAYMENT                 PPD ID: 9911144442","3925.69","true","Chase7442_Activity_20260706.CSV"
"2025-09-25","interest","INTEREST PAYMENT","0.63","true","Chase7442_Activity_20260706.CSV"
"2025-09-24","social-security","SSA  TREAS 310   XXSOC SEC                  PPD ID: 9031036360","4603","true","Chase7442_Activity_20260706.CSV"
"2025-09-15","microsoft","MICROSOFT        EDIPAYMENT                 PPD ID: 9911144442","9708.81","true","Chase7442_Activity_20260706.CSV"
"2025-08-29","microsoft","MICROSOFT        EDIPAYMENT                 PPD ID: 9911144442","2210.58","true","Chase7442_Activity_20260706.CSV"
"2025-08-27","social-security","SSA  TREAS 310   XXSOC SEC                  PPD ID: 9031036360","4603","true","Chase7442_Activity_20260706.CSV"
"2025-08-26","interest","INTEREST PAYMENT","0.63","true","Chase7442_Activity_20260706.CSV"
"2025-08-15","microsoft","MICROSOFT        EDIPAYMENT                 PPD ID: 9911144442","2210.59","true","Chase7442_Activity_20260706.CSV"
"2025-07-31","microsoft","MICROSOFT        EDIPAYMENT                 PPD ID: 9911144442","2210.57","true","Chase7442_Activity_20260706.CSV"
"2025-07-25","interest","INTEREST PAYMENT","0.55","true","Chase7442_Activity_20260706.CSV"
"2025-07-23","social-security","SSA  TREAS 310   XXSOC SEC                  PPD ID: 9031036360","4603","true","Chase7442_Activity_20260706.CSV"
"2025-07-15","microsoft","MICROSOFT        EDIPAYMENT                 PPD ID: 9911144442","2361.81","true","Chase7442_Activity_20260706.CSV"
"2025-06-30","microsoft","MICROSOFT        EDIPAYMENT                 PPD ID: 9911144442","2511.8","true","Chase7442_Activity_20260706.CSV"
"2025-06-26","interest","INTEREST PAYMENT","0.56","true","Chase7442_Activity_20260706.CSV"
"2025-06-25","social-security","SSA  TREAS 310   XXSOC SEC                  PPD ID: 9031036360","4603","true","Chase7442_Activity_20260706.CSV"
"2025-06-13","microsoft","MICROSOFT        EDIPAYMENT                 PPD ID: 9911144442","2511.8","true","Chase7442_Activity_20260706.CSV"
"2025-05-30","microsoft","MICROSOFT        EDIPAYMENT                 PPD ID: 9911144442","2511.79","true","Chase7442_Activity_20260706.CSV"
"2025-05-28","social-security","SSA  TREAS 310   XXSOC SEC                  PPD ID: 9031036360","4603","true","Chase7442_Activity_20260706.CSV"
"2025-05-27","interest","INTEREST PAYMENT","0.57","true","Chase7442_Activity_20260706.CSV"
"2025-05-27","deposit-other","REMOTE ONLINE DEPOSIT #          1","104.46","true","Chase7442_Activity_20260706.CSV"
"2025-05-15","microsoft","MICROSOFT        EDIPAYMENT                 PPD ID: 9911144442","2511.81","true","Chase7442_Activity_20260706.CSV"
"2025-04-30","microsoft","MICROSOFT        EDIPAYMENT                 PPD ID: 9911144442","2511.8","true","Chase7442_Activity_20260706.CSV"
"2025-04-24","interest","INTEREST PAYMENT","0.52","true","Chase7442_Activity_20260706.CSV"
"2025-04-23","social-security","SSA  TREAS 310   XXSOC SEC                  PPD ID: 9031036360","4521","true","Chase7442_Activity_20260706.CSV"
"2025-04-15","microsoft","MICROSOFT        EDIPAYMENT                 PPD ID: 9911144442","2461.8","true","Chase7442_Activity_20260706.CSV"
"2025-04-09","social-security","SSA  TREAS 310   XXSOC SEC                  PPD ID: 9101036669","246","true","Chase7442_Activity_20260706.CSV"
"2025-03-31","microsoft","MICROSOFT        EDIPAYMENT                 PPD ID: 9911144442","2511.81","true","Chase7442_Activity_20260706.CSV"
"2025-03-26","interest","INTEREST PAYMENT","0.5","true","Chase7442_Activity_20260706.CSV"
"2025-03-26","social-security","SSA  TREAS 310   XXSOC SEC                  PPD ID: 9031036360","4521","true","Chase7442_Activity_20260706.CSV"
"2025-03-14","microsoft","MICROSOFT        EDIPAYMENT                 PPD ID: 9911144442","2511.8","true","Chase7442_Activity_20260706.CSV"
"2025-02-28","microsoft","MICROSOFT        EDIPAYMENT                 PPD ID: 9911144442","2511.8","true","Chase7442_Activity_20260706.CSV"
"2025-02-27","interest","INTEREST PAYMENT","0.52","true","Chase7442_Activity_20260706.CSV"
"2025-02-26","social-security","SSA  TREAS 310   XXSOC SEC                  PPD ID: 9031036360","4521","true","Chase7442_Activity_20260706.CSV"
"2025-02-14","microsoft","MICROSOFT        EDIPAYMENT                 PPD ID: 9911144442","2511.81","true","Chase7442_Activity_20260706.CSV"
"2025-01-31","microsoft","MICROSOFT        EDIPAYMENT                 PPD ID: 9911144442","3517.04","true","Chase7442_Activity_20260706.CSV"
"2025-01-28","interest","INTEREST PAYMENT","0.67","true","Chase7442_Activity_20260706.CSV"
"2025-01-22","social-security","SSA  TREAS 310   XXSOC SEC                  PPD ID: 9031036360","4521","true","Chase7442_Activity_20260706.CSV"
"2025-01-15","microsoft","MICROSOFT        EDIPAYMENT                 PPD ID: 9911144442","2511.81","true","Chase7442_Activity_20260706.CSV"
"2024-12-31","microsoft","MICROSOFT        EDIPAYMENT                 PPD ID: 9911144442","4379.64","true","Chase7442_Activity_20260706.CSV"
"2024-12-26","interest","INTEREST PAYMENT","0.63","true","Chase7442_Activity_20260706.CSV"
"2024-12-24","social-security","SSA  TREAS 310   XXSOC SEC                  PPD ID: 9031036360","4411","true","Chase7442_Activity_20260706.CSV"
"2024-12-13","microsoft","MICROSOFT        EDIPAYMENT                 PPD ID: 9911144442","4379.63","true","Chase7442_Activity_20260706.CSV"
"2024-11-29","microsoft","MICROSOFT        EDIPAYMENT                 PPD ID: 9911144442","4440.9","true","Chase7442_Activity_20260706.CSV"
"2024-11-27","interest","INTEREST PAYMENT","0.63","true","Chase7442_Activity_20260706.CSV"
"2024-11-27","social-security","SSA  TREAS 310   XXSOC SEC                  PPD ID: 9031036360","4411","true","Chase7442_Activity_20260706.CSV"
"2024-11-15","microsoft","MICROSOFT        EDIPAYMENT                 PPD ID: 9911144442","4440.89","true","Chase7442_Activity_20260706.CSV"
"2024-10-31","microsoft","MICROSOFT        EDIPAYMENT                 PPD ID: 9911144442","4390.9","true","Chase7442_Activity_20260706.CSV"
"2024-10-25","interest","INTEREST PAYMENT","0.5","true","Chase7442_Activity_20260706.CSV"
"2024-10-23","social-security","SSA  TREAS 310   XXSOC SEC                  PPD ID: 9031036360","4411","true","Chase7442_Activity_20260706.CSV"
"2024-10-15","microsoft","MICROSOFT        EDIPAYMENT                 PPD ID: 9911144442","4336.73","true","Chase7442_Activity_20260706.CSV"
"2024-09-30","microsoft","MICROSOFT        EDIPAYMENT                 PPD ID: 9911144442","3943.88","true","Chase7442_Activity_20260706.CSV"
"2024-09-26","interest","INTEREST PAYMENT","0.47","true","Chase7442_Activity_20260706.CSV"
"2024-09-25","social-security","SSA  TREAS 310   XXSOC SEC                  PPD ID: 9031036360","4411","true","Chase7442_Activity_20260706.CSV"
"2024-09-13","microsoft","MICROSOFT        EDIPAYMENT                 PPD ID: 9911144442","10145.95","true","Chase7442_Activity_20260706.CSV"
"2024-08-30","microsoft","MICROSOFT        EDIPAYMENT                 PPD ID: 9911144442","2744.8","true","Chase7442_Activity_20260706.CSV"
"2024-08-28","social-security","SSA  TREAS 310   XXSOC SEC                  PPD ID: 9031036360","4411","true","Chase7442_Activity_20260706.CSV"
"2024-08-26","interest","INTEREST PAYMENT","0.41","true","Chase7442_Activity_20260706.CSV"
"2024-08-15","microsoft","MICROSOFT        EDIPAYMENT                 PPD ID: 9911144442","2744.8","true","Chase7442_Activity_20260706.CSV"
"2024-07-31","microsoft","MICROSOFT        EDIPAYMENT                 PPD ID: 9911144442","2744.81","true","Chase7442_Activity_20260706.CSV"
"2024-07-25","interest","INTEREST PAYMENT","0.33","true","Chase7442_Activity_20260706.CSV"
"2024-07-24","social-security","SSA  TREAS 310   XXSOC SEC                  PPD ID: 9031036360","4411","true","Chase7442_Activity_20260706.CSV"
"2024-07-15","microsoft","MICROSOFT        EDIPAYMENT                 PPD ID: 9911144442","2744.8","true","Chase7442_Activity_20260706.CSV"
